nan,nan
nan,nan
2.528914024979757036e-01,4.405073740766473622e-01
nan,nan
2.613809798488120339e-01,4.774367049849733147e-01
2.520314806526353646e-01,4.888813133870457128e-01
2.412231189684827526e-01,5.098449158341988863e-01
2.699493690854041228e-01,5.044167482487437182e-01
2.681094325720619898e-01,5.301137745300622539e-01
2.602858525741449380e-01,4.992775785811375822e-01
7.736623058554451537e-01,1.008746085109846868e+00
8.045340479451532634e-01,9.754689801922064030e-01
nan,nan
nan,nan
7.916002652917093485e-01,1.005485108399998717e+00
7.977354938715479626e-01,1.003511705089088712e+00
7.942518469204119524e-01,9.881809058427083459e-01
nan,nan
8.015975796080001547e-01,9.879825523090659534e-01
8.001676666781669667e-01,1.007543397759604442e+00
2.851812047069075540e-01,4.149601364087905364e-01
2.436480103343379999e-01,4.286362095449389176e-01
nan,nan
2.668442622329711966e-01,4.713425964896417186e-01
nan,nan
2.951080268159785303e-01,5.121516354391297821e-01
3.073146435759113171e-01,5.287481402240039596e-01
nan,nan
3.210956792483750100e-01,5.799572183736817488e-01
nan,nan
nan,nan
5.151232410472500467e-01,6.235908683999130675e-01
5.390585362444467732e-01,6.711246292757242493e-01
nan,nan
5.158344056577038872e-01,6.396472787936164917e-01
nan,nan
5.355439279167261146e-01,6.514601479393768990e-01
5.368501792854936117e-01,6.408331662658455219e-01
5.378175999878229696e-01,6.481663422059906754e-01
nan,nan
3.027369669884102943e-01,4.002438810032731831e-01
nan,nan
3.185394675634264372e-01,4.342870877177044675e-01
nan,nan
nan,nan
3.606788979216033475e-01,5.188442380952562605e-01
3.642978892647130151e-01,5.217416232740544890e-01
nan,nan
3.782166891028851952e-01,5.437561158638232195e-01
3.731094932063910297e-01,5.606415631787511344e-01
5.273401299764206573e-01,6.560620485839295801e-01
5.437551414663911453e-01,7.105153687139336149e-01
nan,nan
nan,nan
5.813474289382476456e-01,7.540965384837504670e-01
6.012980088232283693e-01,7.702784796491373154e-01
nan,nan
nan,nan
6.568704927426428641e-01,8.147042069922577623e-01
6.390543465751808982e-01,8.595828959934436186e-01
5.101643180645056841e-01,6.558825926365547954e-01
nan,nan
5.401753168801298743e-01,6.761177185515527821e-01
5.107237681524496864e-01,6.742888071527216587e-01
5.387138403446268820e-01,6.421295671106881375e-01
nan,nan
5.339587532312201068e-01,6.723886548856919942e-01
5.755349601451688057e-01,6.231964825960456533e-01
nan,nan
5.568439092512128541e-01,6.696987762261987776e-01
6.796793703795934727e-01,9.915827453163328364e-01
7.235669575131371545e-01,9.965666907219770110e-01
nan,nan
7.193077009479448281e-01,1.027810525682866682e+00
nan,nan
nan,nan
7.454849037818700452e-01,9.777744390609608427e-01
7.435748919161343506e-01,1.021316202107129367e+00
7.345888254764495473e-01,1.000498194529381157e+00
7.709652929933279442e-01,1.000925808395745076e+00
7.472225119050830422e-01,9.979393298667456058e-01
nan,nan
7.401078027790497504e-01,9.993471294663860416e-01
nan,nan
nan,nan
7.620691218984070314e-01,1.000933489164295809e+00
7.566982927289587213e-01,9.815784315458434550e-01
nan,nan
7.747520289000658922e-01,1.023232770502190414e+00
7.579030760569479552e-01,1.011049396291261449e+00
nan,nan
2.984080040576660986e-01,2.903557353248393258e-01
nan,nan
3.251797660420556735e-01,3.054673108431705253e-01
3.134024543026535659e-01,2.909969451930416451e-01
3.166239189069710025e-01,2.870326823623630119e-01
3.216700867332209501e-01,3.257639931379932019e-01
nan,nan
3.630410966410951290e-01,3.113742236129625196e-01
nan,nan
6.118750244159537610e-01,6.842460354644228637e-01
5.922909263599007712e-01,6.751982644395637667e-01
nan,nan
nan,nan
6.032967315103121564e-01,6.947025068387160385e-01
6.104358275487359320e-01,7.085767975314185563e-01
nan,nan
6.219998795080008414e-01,6.791830565244567630e-01
6.101391181830025934e-01,7.167041708813980394e-01
nan,nan
nan,nan
nan,nan
5.526835670501434317e-01,6.552932843690298936e-01
5.550363463343350734e-01,6.325048254233783807e-01
nan,nan
5.434280292498956388e-01,6.960036347185937222e-01
6.062324638670112398e-01,6.877181915674489554e-01
5.838361048716864676e-01,6.669542760830916572e-01
nan,nan
5.641424840979359923e-01,7.029222227142439827e-01
nan,nan
7.874601355663886082e-01,1.006708734809051098e+00
7.753035408438476717e-01,9.782401012024614095e-01
7.757419881580338572e-01,9.845718644599288361e-01
nan,nan
7.826972427685983114e-01,1.013271865414238748e+00
7.732118321856603638e-01,1.015086363857578222e+00
7.944134790832727555e-01,9.929901950938275768e-01
nan,nan
7.948660531882035807e-01,9.845673660452337606e-01
7.891275640562501748e-01,9.667510214922672152e-01
7.575955978991150142e-01,9.881753348601828302e-01
8.044987624922272929e-01,1.015303825246443026e+00
7.899735408550486726e-01,1.010420246321196647e+00
nan,nan
7.783001669027086455e-01,1.029478374657597284e+00
7.684450651237809682e-01,1.000047924657871512e+00
7.710263236094888617e-01,9.933379213610348257e-01
nan,nan
nan,nan
4.634022166851003988e-01,6.210369327304665621e-01
nan,nan
4.863521521394864044e-01,6.278955319877038699e-01
5.305794853656243815e-01,6.268002295451785555e-01
5.221979610145099926e-01,6.583513158400116083e-01
5.136447264227339549e-01,6.424681914139117600e-01
nan,nan
5.459516086581275296e-01,6.445106669845303005e-01
5.282865947987516186e-01,6.561214015209898553e-01
nan,nan
3.182817817318612241e-01,3.528598787490016542e-01
2.667036002767236846e-01,3.096134623430576438e-01
2.731768331593725230e-01,3.451527294947557833e-01
nan,nan
nan,nan
nan,nan
nan,nan
3.237899420265213379e-01,3.605022967711219994e-01
3.176607290563749908e-01,3.768797073564287281e-01
3.349866291628542103e-01,3.359637517104303583e-01
3.817448469498625485e-01,6.320866523816095484e-01
3.780671785422046738e-01,6.587403684501019763e-01
3.885931329188290762e-01,6.478546328350988093e-01
nan,nan
3.903403757417053255e-01,6.580617887387028020e-01
nan,nan
nan,nan
nan,nan
4.111464113135553378e-01,6.723649814151059223e-01
4.169995865088363951e-01,6.755210645001299419e-01
5.501948511705926359e-01,6.307427289435559858e-01
5.438257322812135586e-01,6.575795239469924836e-01
5.423491691871599185e-01,6.417280548507267035e-01
nan,nan
nan,nan
5.641490403726925340e-01,6.228050086136036612e-01
5.524435968308968326e-01,6.341329422463531928e-01
5.715267469484356377e-01,6.228608921967031531e-01
nan,nan
5.839685633815309140e-01,6.311437271489839240e-01
7.458774751314809492e-01,1.007879435787072842e+00
7.402862603330904179e-01,1.016965054562329884e+00
nan,nan
7.625886031046551494e-01,1.007599033449168235e+00
nan,nan
7.633986522394662355e-01,1.015569991227745161e+00
7.612169471699086198e-01,9.707004915710819581e-01
nan,nan
7.800847856268805502e-01,1.000072674071900813e+00
7.684066679531148525e-01,9.994480661074264249e-01
7.465933856028328375e-01,9.593976231940212207e-01
nan,nan
7.363427132621416238e-01,9.673682524317713805e-01
7.441763670307474099e-01,9.836153619771892398e-01
nan,nan
7.396503630832690357e-01,9.928481315899492232e-01
nan,nan
7.418280645613486435e-01,9.910677568407165738e-01
nan,nan
7.519295064600671763e-01,9.895731448877823633e-01
2.235730662885411502e-01,3.694173063413890845e-01
2.170080120083517639e-01,4.130454782615519682e-01
nan,nan
2.358123909572041599e-01,4.399941076635042747e-01
nan,nan
2.477541889582625945e-01,4.590225936545139773e-01
2.278597698002771121e-01,4.630113880265839255e-01
nan,nan
nan,nan
2.532614339042145724e-01,5.442724470079007837e-01
6.158838982716297039e-01,9.161808717678632252e-01
6.167485262412575331e-01,9.027157187563727980e-01
6.059464674449427379e-01,9.164664080321616169e-01
6.012270252335891740e-01,9.315519710028505873e-01
nan,nan
nan,nan
6.140117312672600525e-01,9.477184686397184255e-01
6.039495861860372239e-01,9.023615805524439759e-01
6.361723620036062732e-01,9.539406550227503834e-01
nan,nan
nan,nan
3.603450574536237738e-01,4.181896192128117806e-01
3.877845220862313758e-01,4.535834515276193080e-01
3.656746973634804609e-01,4.905964979764479983e-01
4.171514824672014066e-01,4.928509744569632978e-01
nan,nan
4.403344007662887138e-01,5.355183058834205312e-01
nan,nan
nan,nan
4.646438128837276915e-01,6.055734573203552795e-01
2.281310090351227060e-01,3.184189648420882035e-01
2.269485846935885009e-01,3.063589735099729872e-01
2.385405941203188884e-01,2.947624952704902546e-01
nan,nan
nan,nan
nan,nan
2.171932165825294081e-01,2.841547175457911356e-01
nan,nan
2.522109833553710656e-01,3.157068123444984886e-01
2.569022900354154260e-01,2.809131651671623597e-01
nan,nan
3.772512648321604267e-01,5.722514301280754445e-01
3.691857173049324925e-01,6.152399351268091898e-01
4.128408545755297698e-01,5.945326113581168581e-01
nan,nan
4.032507360499705262e-01,5.983121304306869837e-01
nan,nan
3.980103518330642687e-01,6.183376255009283007e-01
4.054552622311894394e-01,6.284335958768696440e-01
4.125338095108489478e-01,6.335770052299328770e-01
nan,nan
nan,nan
nan,nan
7.521047248054130163e-01,9.986365677723163525e-01
7.166106522600294015e-01,9.943272075481089933e-01
7.284562822879192545e-01,9.823887352381232008e-01
7.111836149449078937e-01,9.858140704635860452e-01
7.267199615634117871e-01,1.001677420174300615e+00
7.034594229529169684e-01,1.012239831514592625e+00
7.441648641564836408e-01,9.925275302177337666e-01
nan,nan
6.176536452924878962e-01,8.242604784090958869e-01
6.133559167766216014e-01,8.415665913333918446e-01
nan,nan
6.451996985712667998e-01,8.871378409177238522e-01
nan,nan
6.489348902921739937e-01,8.985707027023340787e-01
6.288946004786012400e-01,9.038687879709743633e-01
6.571935369422768902e-01,9.540928399442419883e-01
nan,nan
3.364375407021373277e-01,6.620482992194797189e-01
3.679407161535604431e-01,6.580323820776228239e-01
nan,nan
nan,nan
3.725209784332660368e-01,6.697773918341348720e-01
3.862322620192816247e-01,6.811004739939747754e-01
4.188760151918424768e-01,6.802148649342664166e-01
nan,nan
4.318043707997369363e-01,6.723391134622207499e-01
4.358983116104088729e-01,7.151674203699520671e-01
3.438888803349294254e-01,5.316579825556632111e-01
nan,nan
3.496617365805112509e-01,5.737292372529153583e-01
nan,nan
3.529674455558658441e-01,5.454223975761388621e-01
3.696062505773772822e-01,6.043867767040489447e-01
3.743214875596870828e-01,6.003732053531268820e-01
nan,nan
3.727311155042242752e-01,6.132082064504361663e-01
3.779113646422946893e-01,6.116764581246407761e-01
2.125741811792819513e-01,2.993488392000071552e-01
2.287010566911092946e-01,3.070900696293686893e-01
2.327406587533291382e-01,2.827857850533764261e-01
nan,nan
1.992698429784242609e-01,3.057375009232973784e-01
1.826239730115319648e-01,3.196916163534448407e-01
1.905377570177616275e-01,3.327370943655874047e-01
1.993663318912193561e-01,2.965035522870078655e-01
nan,nan
2.197281760169066123e-01,2.791530864646861176e-01
2.998886223370832438e-01,4.282262427169765129e-01
3.138217363334998011e-01,4.519938792965274010e-01
nan,nan
nan,nan
nan,nan
3.403602451554216812e-01,5.107930555506399184e-01
nan,nan
3.430504974308273836e-01,5.284508278597873643e-01
3.628912359932293108e-01,5.606278754311553314e-01
3.575157192416068552e-01,5.583776734010950094e-01
2.088457515450421742e-01,2.978057770063424203e-01
2.222282736185180185e-01,2.909348136499789184e-01
1.815346518185203817e-01,3.163584233685287628e-01
nan,nan
nan,nan
2.273217314703102621e-01,3.125372463608715456e-01
nan,nan
1.914612290703964770e-01,3.106348606940587675e-01
2.057888174579468321e-01,3.013945654000281249e-01
1.922743665986067496e-01,2.870687762998462289e-01
2.372158487126793946e-01,2.841311714484567874e-01
2.626884503392858949e-01,3.199158989802683983e-01
nan,nan
2.340252338745570093e-01,3.065962772039294570e-01
nan,nan
2.395084231758289606e-01,3.188591298492769455e-01
nan,nan
2.710625286806310208e-01,3.135778995203488684e-01
2.863585958812401300e-01,3.356127168453616472e-01
nan,nan
5.096261558442531925e-01,5.634435947008996637e-01
nan,nan
nan,nan
5.216027790175321588e-01,5.883315999278327935e-01
5.375568378958681670e-01,6.015411519173466948e-01
5.734463729386735098e-01,5.937840868705923647e-01
5.657223667538144873e-01,6.305287980019860239e-01
nan,nan
5.651526844555465612e-01,6.234335696097318413e-01
nan,nan
2.914675529613727778e-01,3.388431617607435831e-01
2.942042719702608333e-01,2.840226483281475534e-01
nan,nan
2.921469637888416404e-01,3.117505582850828016e-01
nan,nan
2.939578170029455984e-01,3.002798106386838639e-01
nan,nan
3.340445361562119353e-01,3.174369984163280534e-01
3.399388406455526312e-01,3.168056565849898254e-01
3.412953918568048528e-01,3.435542671568878048e-01
3.828276879583796255e-01,6.162022032953347050e-01
3.865995363074924973e-01,6.329050241704058388e-01
4.016376391961359316e-01,6.267303090980179681e-01
3.908557692354380775e-01,6.353054150977442971e-01
3.906557942224663238e-01,6.598283208648535458e-01
nan,nan
3.850078606448281704e-01,6.246634982505417932e-01
3.878016232700577381e-01,6.643552111180442976e-01
4.091295592043274199e-01,6.357145595825423046e-01
nan,nan
4.092949977594226296e-01,6.387631999271693450e-01
nan,nan
nan,nan
4.361394327434803264e-01,6.437099697418350308e-01
4.364034065763424675e-01,6.368685219530875186e-01
4.269432555442062016e-01,6.207372085083261437e-01
4.366384704522939808e-01,6.411207803872044364e-01
nan,nan
4.560405226536746182e-01,6.307384166594512953e-01
nan,nan
nan,nan
6.989948201150451013e-01,9.175411937274351448e-01
6.904515151977904663e-01,9.309337861642748013e-01
6.887724129497223569e-01,9.247738904739858379e-01
6.945783545911244916e-01,9.112166488485193838e-01
6.965133408887550504e-01,9.194254997194541978e-01
nan,nan
nan,nan
nan,nan
7.138863485431512501e-01,9.242594769493159834e-01
3.229415429831572482e-01,2.850763998690569734e-01
nan,nan
3.586402877395275524e-01,3.165287348800095435e-01
3.788600602646747806e-01,3.259806332162074050e-01
3.601549721194852727e-01,3.049305820271756007e-01
nan,nan
nan,nan
3.839962286328404417e-01,3.581240851399426495e-01
4.063601185087376555e-01,3.871170408140279240e-01
3.913389654452777422e-01,3.674596338682014629e-01
4.459279972121850122e-01,6.329853231910179678e-01
nan,nan
4.906390308039924042e-01,6.254131539020874042e-01
4.851084259239891727e-01,6.653612095747004629e-01
nan,nan
4.980883489177247991e-01,6.452987497731388356e-01
nan,nan
5.311437766054882825e-01,6.531847704257442988e-01
nan,nan
5.295391331330108198e-01,6.650245140411610301e-01
nan,nan
7.904021150878056678e-01,9.834241992277088507e-01
7.897888857335263468e-01,1.012203538468815278e+00
nan,nan
7.980884853540428647e-01,1.017974156734691604e+00
7.673650966610604529e-01,1.012027610567991953e+00
7.647025635009705447e-01,9.965600993718648493e-01
nan,nan
7.795076173324494428e-01,1.014871232577147397e+00
nan,nan
7.858667408733857052e-01,1.020708412043624502e+00
nan,nan
7.748303267091544155e-01,1.001468634272931979e+00
8.065815070276235454e-01,9.847131915651602396e-01
8.221479171420486010e-01,1.006670874416916828e+00
7.845815089375342000e-01,1.003248789482975134e+00
nan,nan
7.799953870201469242e-01,1.006926615300692385e+00
nan,nan
8.141353447264351173e-01,1.003725893044699058e+00
nan,nan
nan,nan
7.818537006155171776e-01,1.010109128952292767e+00
7.755142010649200834e-01,1.012222412210366018e+00
nan,nan
8.158948206489220478e-01,1.011566547698703689e+00
7.756348110853317213e-01,9.936364944904485519e-01
7.974441155541929227e-01,9.872724659348895981e-01
7.846373073735526393e-01,9.794001038217510224e-01
nan,nan
nan,nan
nan,nan
2.261066860784166077e-01,3.113218515861563840e-01
2.641225042122945510e-01,2.977167256102201121e-01
2.596310546274143705e-01,2.806127548152534401e-01
2.467969349042868077e-01,2.948542725849350732e-01
nan,nan
nan,nan
2.647443296655060396e-01,2.976274476434732086e-01
2.680464325533074565e-01,2.948877045057113899e-01
4.836697328687638020e-01,6.172472119093830312e-01
5.180558840554349009e-01,6.290938630061960746e-01
nan,nan
4.840903164258124058e-01,6.447122930566077104e-01
5.313175960777529738e-01,6.378558611075465512e-01
nan,nan
nan,nan
5.240258137607007871e-01,6.159220375594843810e-01
5.182939656415330720e-01,6.494729689379240556e-01
5.337783108399182241e-01,6.289612046962681502e-01
7.110708841428008409e-01,9.326432137327653749e-01
7.027499892672325332e-01,9.409175197961308079e-01
7.211287465273006347e-01,9.412105897755603801e-01
nan,nan
7.165865669398161497e-01,9.766818693737772117e-01
nan,nan
7.321245575584997001e-01,9.693770806974180143e-01
nan,nan
7.478112692929521632e-01,9.737111182433522139e-01
nan,nan
nan,nan
7.690770294352954339e-01,9.946707471589185667e-01
7.752183926664556468e-01,9.917710222631042072e-01
7.701213859650688498e-01,9.969279147165186483e-01
7.579948221764178928e-01,1.011934717008513562e+00
8.101956383185805466e-01,1.012277995009911002e+00
nan,nan
nan,nan
7.980608522652293813e-01,9.774890005966272444e-01
nan,nan
7.788330031357505456e-01,9.929148432700215521e-01
7.967702081470559028e-01,1.000934668631623170e+00
7.807690856937842261e-01,1.006521544508566679e+00
nan,nan
7.970027705341040658e-01,1.008493094920563049e+00
7.793660524394190325e-01,9.703056589168129742e-01
nan,nan
nan,nan
nan,nan
7.977531125905990006e-01,1.005871038144590335e+00
nan,nan
nan,nan
4.748602257762647993e-01,6.218474486353208208e-01
4.827962180688920024e-01,6.659226198354541992e-01
nan,nan
5.328132289591755999e-01,6.334303562959167078e-01
4.993702463695434135e-01,6.286589174218121245e-01
4.705902228221779948e-01,6.716541691498918443e-01
4.922457651375219956e-01,6.461131944241864655e-01
4.984311573777460147e-01,6.720214777669942796e-01
nan,nan
nan,nan
nan,nan
7.761833496429583201e-01,9.970762729390988399e-01
7.751707458431217335e-01,1.012718004129072424e+00
7.480159000270756309e-01,9.781867654242100141e-01
7.813870743897235460e-01,1.040470534289581916e+00
nan,nan
7.987783164252610923e-01,1.003724117109986880e+00
7.923496548064270506e-01,9.963110175446348027e-01
1.864727863985863876e-01,3.079265425838168535e-01
2.285163499710850532e-01,2.826066275446409426e-01
nan,nan
2.109483261319344827e-01,3.111638581634499912e-01
1.994176695797662824e-01,3.278716879281090013e-01
nan,nan
2.305067118614859967e-01,3.013059477520541596e-01
2.310985743149594485e-01,3.176139209632470317e-01
2.224630041906251465e-01,3.326524600035304924e-01
2.232344648379324670e-01,3.268149864560371265e-01
nan,nan
4.555685630771533212e-01,6.601217741952356555e-01
4.489693835203327765e-01,6.679441882594105984e-01
4.695122302546069770e-01,6.849595384138434939e-01
4.660097823972388920e-01,6.522958652286422465e-01
nan,nan
4.989615470225122751e-01,6.802952550844260093e-01
nan,nan
5.026574084326580483e-01,6.643968307794532180e-01
5.187019668189281063e-01,6.863993794732928810e-01
5.011332608163587832e-01,7.130716288750652554e-01
nan,nan
5.071439301295644908e-01,7.202207830109187414e-01
nan,nan
4.975409054696303124e-01,7.201279251838661466e-01
5.395238104168935678e-01,7.295418154607739014e-01
nan,nan
5.372596571764035600e-01,7.156311361681696459e-01
5.080613791238767218e-01,7.979948206256385346e-01
nan,nan
3.752198607259700225e-01,6.338656449816120197e-01
4.288424494566411838e-01,6.171800365281476797e-01
4.077256563825305546e-01,6.397052998778460786e-01
4.322197521086555971e-01,6.530795255484938000e-01
4.173944960789484071e-01,6.895366380380365534e-01
nan,nan
4.407430942315537781e-01,6.692105524917095760e-01
nan,nan
nan,nan
nan,nan
nan,nan
nan,nan
7.337559828248946259e-01,1.013204242624383911e+00
7.311013130038811481e-01,9.848894973508990347e-01
7.500932575199159569e-01,9.764723450335911492e-01
7.230364094877900216e-01,1.003437703348448062e+00
7.256051712206399440e-01,1.013562091412274935e+00
7.467819783394309407e-01,9.917895944583031698e-01
7.463509789855020671e-01,9.855883168469899980e-01
nan,nan
nan,nan
5.050581530755905435e-01,6.515019438073392788e-01
5.061947614488383484e-01,6.485330428415213566e-01
4.790828576950090234e-01,6.498809061326199510e-01
5.158319413643593920e-01,6.330644755715471028e-01
5.137405881102454774e-01,6.462231909448604705e-01
nan,nan
5.085337357068442365e-01,6.531084434604615963e-01
5.022751484260173926e-01,6.792448669418210683e-01
5.155341752450415260e-01,6.954600490644233801e-01
8.244325411866038067e-01,9.839557678650822092e-01
nan,nan
8.148180153817856652e-01,9.825543810787475962e-01
8.058700455963762055e-01,9.884427865168732286e-01
nan,nan
7.885193506366653393e-01,9.756298256457690554e-01
nan,nan
8.015580258109599177e-01,1.000006435959699180e+00
nan,nan
8.078554879942944078e-01,9.676898593228959733e-01
6.383205331670158689e-01,6.356981947463214988e-01
nan,nan
6.221783531898714692e-01,6.670513882836407449e-01
nan,nan
nan,nan
6.311998444893988092e-01,6.327850003341600749e-01
nan,nan
6.567967166568424719e-01,6.602565017891744992e-01
6.307351400710323741e-01,6.591353562194285365e-01
6.483520096312352932e-01,6.884555005560302199e-01
7.207900687080767144e-01,9.829801289203939918e-01
7.135019824024892987e-01,9.855228567491796099e-01
7.165479366098872482e-01,9.623244892117731597e-01
7.143580199445407342e-01,1.008549264756780861e+00
7.198930450825290484e-01,1.000750562377733077e+00
7.337971783390815350e-01,1.005630534415298705e+00
nan,nan
7.514744485664105467e-01,9.749510325059191906e-01
nan,nan
nan,nan
2.390975390949575397e-01,3.022587767366066713e-01
nan,nan
2.061760445055406121e-01,3.219809234311226120e-01
nan,nan
1.993664606412831886e-01,3.093920933476265733e-01
2.175238890758736665e-01,3.194591063822264654e-01
2.103637775356118067e-01,3.255175455832752252e-01
2.196728982872656888e-01,3.255731393857321798e-01
nan,nan
2.050832782097587736e-01,3.283193918737037365e-01
7.981813160628634662e-01,1.006561518093282315e+00
7.989174061358279566e-01,9.749276391827671473e-01
nan,nan
nan,nan
7.919113109421715979e-01,9.927584707114860407e-01
nan,nan
nan,nan
7.678977932678221485e-01,9.706365732624263609e-01
7.996955784636462505e-01,9.883306805213896151e-01
7.960134706190057363e-01,9.791510759723526247e-01
nan,nan
nan,nan
nan,nan
nan,nan
7.363184558684904291e-01,9.746917429739916372e-01
7.188835005921562216e-01,1.002951248191139566e+00
7.371463488057027336e-01,9.934458494001378037e-01
7.353047878391359982e-01,1.007468015102691128e+00
7.620681795616155441e-01,1.013766584552266314e+00
7.714905976092959472e-01,9.966589293091420165e-01
nan,nan
2.278171521450521597e-01,3.239173531955810703e-01
2.234152218316800276e-01,2.821443733143819133e-01
2.283984439213928574e-01,3.345142162818913745e-01
nan,nan
2.221991646203231863e-01,3.066866782220532550e-01
nan,nan
2.490459330293575135e-01,2.966415019559078270e-01
2.492414320992140941e-01,3.308476572424191575e-01
nan,nan
nan,nan
1.970065961495325868e-01,3.001518670536186262e-01
1.807796309192386541e-01,2.942587033582831357e-01
1.846292917839806591e-01,2.904965192336038116e-01
2.032258464670204379e-01,3.050949912713372125e-01
1.978380505755241436e-01,2.768219326944096337e-01
nan,nan
nan,nan
2.105848500520726974e-01,2.775061143205319047e-01
2.087420666780822609e-01,3.132931798942438228e-01
nan,nan
2.190237260347828729e-01,3.197072138380652739e-01
1.701557060424626067e-01,3.307364722844385319e-01
2.127518451933958499e-01,3.021089242728772772e-01
2.005808838269513006e-01,3.017084581436602075e-01
2.040443859166347074e-01,3.031096371069419981e-01
1.876231008089773444e-01,2.993122482150110675e-01
nan,nan
nan,nan
2.011382314498900703e-01,3.068578361183894598e-01
4.670952441620347950e-01,6.435448498648785876e-01
4.758776108347027023e-01,6.254419057333818754e-01
4.623085784911574181e-01,6.467055942419337455e-01
4.893628297870756816e-01,6.521919682097120363e-01
4.938295976640458829e-01,6.319136051561422551e-01
nan,nan
5.305775783814289381e-01,6.490735273088168444e-01
5.318557306873293866e-01,6.720393956384680401e-01
nan,nan
nan,nan
3.550348483127510613e-01,5.338246116694976839e-01
nan,nan
3.480275246782085219e-01,5.234900021866401021e-01
nan,nan
3.586349745006750522e-01,5.836567056456196667e-01
3.662677014543235243e-01,5.665803660247473728e-01
3.694075009289097267e-01,5.961505763799753721e-01
3.981823944598983367e-01,5.851889330135432443e-01
nan,nan
3.757659172538931891e-01,5.877695685549498839e-01
2.814165799224855880e-01,3.366851140434348744e-01
3.009705547982943763e-01,3.432983504324952362e-01
nan,nan
2.881200058639817874e-01,3.782871364293607375e-01
nan,nan
3.324050221983645415e-01,4.282730614623507792e-01
3.609661135608148164e-01,4.325281948372569074e-01
nan,nan
3.319290243391421757e-01,4.758205348039171723e-01
nan,nan
nan,nan
3.471536701002866376e-01,3.622604456738879875e-01
3.572249963830680386e-01,3.924729870684636746e-01
3.659580454684624451e-01,4.069095521355943212e-01
nan,nan
3.990305854733233737e-01,4.323178276532459452e-01
4.104763430460486306e-01,4.508644903734521092e-01
4.231434299930625365e-01,4.784829563446563738e-01
4.365774421739924693e-01,4.915997493444888011e-01
nan,nan
nan,nan
8.156255278925553798e-01,1.021821468351477913e+00
nan,nan
nan,nan
8.101950767753730576e-01,1.014261835211998752e+00
7.674346207834300548e-01,9.934629908951262411e-01
nan,nan
7.882937523347860465e-01,9.807498371814924454e-01
7.846850531706890397e-01,1.006520955504356607e+00
7.961458405842994912e-01,1.023228953352383064e+00
4.435275805138751415e-01,6.327669388859255006e-01
4.768902993401802903e-01,6.362274314664924102e-01
4.688346436586833255e-01,6.434050484625127853e-01
4.570865324002365004e-01,6.411644396793931833e-01
4.830680769014727982e-01,6.342977964398921475e-01
4.805737984851393141e-01,6.577418104607112292e-01
nan,nan
nan,nan
nan,nan
4.886936233489190817e-01,6.469489134482420134e-01
3.243959415558124171e-01,6.056681523465912154e-01
3.114503972008437760e-01,6.184956656581869217e-01
nan,nan
nan,nan
3.584161362443664678e-01,6.479542921887060380e-01
nan,nan
nan,nan
3.522704111667518401e-01,6.265346826696126525e-01
3.326156254308026972e-01,6.381523535155150251e-01
3.440341080401345675e-01,6.684509226986630193e-01
nan,nan
3.529149836460099277e-01,5.826924808732579786e-01
nan,nan
3.960511134116895260e-01,6.212926965455387585e-01
nan,nan
3.596622198314680663e-01,6.535959310292448476e-01
3.964112008392863817e-01,6.380748595535037371e-01
3.769671807873805625e-01,6.440491554103646710e-01
4.108723172325505768e-01,6.536057020847514387e-01
4.474642475936335684e-01,6.187252107042532367e-01
7.499903337474880249e-01,1.005427206329041478e+00
7.454261341054765344e-01,1.004417433510933044e+00
nan,nan
nan,nan
nan,nan
7.400039156934822282e-01,1.008404178859448441e+00
7.781168080705029855e-01,9.948690322075384174e-01
7.816387542796602306e-01,9.926566228154846128e-01
7.910786673875801478e-01,9.799778938562003772e-01
nan,nan
nan,nan
nan,nan
6.878918622802449034e-01,8.104592590019238374e-01
6.990248650585075829e-01,8.146233967374558738e-01
6.833084329686875957e-01,8.498214171199898193e-01
nan,nan
7.311550998461772144e-01,8.830825503141067623e-01
nan,nan
7.178327438657047255e-01,9.136537543861623645e-01
7.427863749058034593e-01,9.151740690992240523e-01
3.879172895318457326e-01,3.799937101973652753e-01
3.937396648961605239e-01,3.412341609686404542e-01
nan,nan
nan,nan
nan,nan
nan,nan
3.898402136267057894e-01,4.063018470300813756e-01
4.092247475109881405e-01,4.229547807406128235e-01
4.071927170115521299e-01,4.185875596531353215e-01
4.577639826321659999e-01,4.411388144111032528e-01
2.681279248192627862e-01,3.492724571348632678e-01
nan,nan
2.707544439167309247e-01,4.037921163087924148e-01
2.578860363836660841e-01,3.709857394001723763e-01
nan,nan
2.909579910384739176e-01,4.072560125012094634e-01
nan,nan
2.811972598795952627e-01,4.254570867502836529e-01
2.939551825304671517e-01,4.363234624786587745e-01
2.895370399679181306e-01,4.169715058218835813e-01
nan,nan
6.330661111584475753e-01,7.244947636026739524e-01
nan,nan
6.578870093608368830e-01,7.276581929818486394e-01
nan,nan
6.666244655972111133e-01,7.000976942027443695e-01
6.344236614102961580e-01,7.394331094567203611e-01
6.657008661654107984e-01,7.406426758030432156e-01
6.697239010995079678e-01,7.446045373039259507e-01
6.686932834029006845e-01,7.401610847116324443e-01
2.359694759368047567e-01,3.765781540051238441e-01
2.434463209805251549e-01,4.203934246903385241e-01
2.673924562759512069e-01,4.484040055069803410e-01
nan,nan
2.701200543097683204e-01,5.133660440218508203e-01
2.785664460130334308e-01,5.768846219326523306e-01
3.053934925615894302e-01,5.525692881389919764e-01
3.034104685781160993e-01,6.090710552145046641e-01
nan,nan
3.430980890626471047e-01,6.121770583369486873e-01
2.113700652395320290e-01,2.765932737848009748e-01
nan,nan
2.075688388894872116e-01,3.097727776964538937e-01
2.231662428171843626e-01,3.063919909677366160e-01
1.943424408557169192e-01,2.954540018044654048e-01
nan,nan
2.006340809191608232e-01,2.584628848802790757e-01
1.926158476347639703e-01,3.051277238989911211e-01
2.186696417613301913e-01,3.027294638140869965e-01
nan,nan
6.867251867161523471e-01,9.927518123283407547e-01
nan,nan
6.991140352925924173e-01,1.008422297470588758e+00
7.198995750892068779e-01,9.924666578843905906e-01
nan,nan
nan,nan
7.259130044777843960e-01,9.936991402636475845e-01
7.262176439930605465e-01,9.892054040567640483e-01
7.116073710004555686e-01,9.857486420213603662e-01
7.511349325356041495e-01,1.017439363858493095e+00
nan,nan
6.452313159197636816e-01,6.932659533254298401e-01
6.440325916747905444e-01,7.111779294792344164e-01
nan,nan
6.571307923017115638e-01,7.252201085199644348e-01
6.704196610858195182e-01,7.724701554430996042e-01
6.775186032889252141e-01,7.799469094013987691e-01
nan,nan
nan,nan
7.138979390947941539e-01,8.787576371241452300e-01
4.917183615358030058e-01,6.983597953827030969e-01
nan,nan
5.016660243472529368e-01,6.716132271595399716e-01
5.338691535833745005e-01,6.460795560566577889e-01
nan,nan
5.376594562160572632e-01,6.834077840931874759e-01
nan,nan
5.649278571632394552e-01,6.771316343679810723e-01
nan,nan
5.810420610730919755e-01,7.276690337011929577e-01
8.115975964469404058e-01,9.961369057637804447e-01
8.105008473378746414e-01,9.826977528920736171e-01
nan,nan
7.864537002707282509e-01,9.948901526426031650e-01
8.173052741067410309e-01,1.024589853347591895e+00
7.937226433810048443e-01,1.001435161569799392e+00
8.153016903399763482e-01,9.965399270277167654e-01
nan,nan
8.038946298755136333e-01,1.023431098949354690e+00
nan,nan
5.575090382677507783e-01,6.668825121673248590e-01
5.676380875641759971e-01,6.851474960480281595e-01
5.884532690450472447e-01,6.882185758213372750e-01
5.771789768502536555e-01,6.730133502864201756e-01
nan,nan
6.107286159338433107e-01,7.133592540052179354e-01
6.219088783163790879e-01,7.204024759149391111e-01
nan,nan
nan,nan
nan,nan
5.956646749014673503e-01,6.727446754885181290e-01
nan,nan
6.117126648743976824e-01,6.970532688307093938e-01
5.729203967651630425e-01,6.990835671078721170e-01
6.244421794013075289e-01,6.860563031712008097e-01
nan,nan
nan,nan
6.295290743244172926e-01,7.250524193354430658e-01
6.541880643466895240e-01,7.131032637635255078e-01
6.442482889113341216e-01,7.408500537126124774e-01
5.449410164345744878e-01,6.971736055054607029e-01
nan,nan
nan,nan
5.825958680222560471e-01,6.850851745163053508e-01
nan,nan
5.652516253768810062e-01,6.738756582457311461e-01
6.054595888447404928e-01,7.060600452297226548e-01
nan,nan
5.993819277701659676e-01,7.076289909224767749e-01
5.856721337264289007e-01,7.231602155553042977e-01
nan,nan
4.161880940163372733e-01,5.095208740313169615e-01
3.636991020229449756e-01,5.233113628544675544e-01
4.110802513960902238e-01,5.425557975311737779e-01
3.894530481136100897e-01,5.763724678209267704e-01
3.916566350221977189e-01,5.607172716671167123e-01
3.995436141497053506e-01,5.805687744094876201e-01
nan,nan
4.476524785299618725e-01,5.628021692022597833e-01
nan,nan
4.236572010814345091e-01,4.052368944749953350e-01
3.870222937596105584e-01,3.770790510450071076e-01
4.335920256230286207e-01,3.646522237198424610e-01
nan,nan
nan,nan
4.411424080649605228e-01,3.892194892121913496e-01
4.590509499381303926e-01,4.085428438541998108e-01
4.537232937656346943e-01,4.387764951618313147e-01
4.285220780314201172e-01,4.257273929692428904e-01
nan,nan
5.358967992759775534e-01,7.036333634122559078e-01
5.521837789874791680e-01,6.842926885579327934e-01
nan,nan
5.619577946167511051e-01,7.383271911386815045e-01
5.605594507342449573e-01,7.418703240080007921e-01
nan,nan
nan,nan
nan,nan
6.062383548009316891e-01,7.812664823015474935e-01
5.906386792978042255e-01,7.672253982985999254e-01
5.903910084701659011e-01,6.614501284405928105e-01
nan,nan
5.961292879682236201e-01,6.742811328659394920e-01
nan,nan
6.011265666298341026e-01,6.827966902813146222e-01
6.458566183353888768e-01,7.031210471464681699e-01
nan,nan
6.252751004835035431e-01,7.212807356041011086e-01
6.329759190258112955e-01,7.602641694553772256e-01
nan,nan
2.674379247909122737e-01,3.971999806635666541e-01
nan,nan
2.803988408573891422e-01,3.922301449549586150e-01
nan,nan
nan,nan
3.220144194733304821e-01,4.572049677159504832e-01
nan,nan
3.157809904851363036e-01,4.607567161212257068e-01
3.097024527544587902e-01,4.773075875644475774e-01
3.359352054483354943e-01,4.940189404334333068e-01
3.003136771033910746e-01,2.796766823811074332e-01
3.167521282248301207e-01,2.965256976998615346e-01
3.123176533486445305e-01,3.162288930544148724e-01
3.446189418637666257e-01,3.511351760016924173e-01
3.311818938150090097e-01,3.218875570193081015e-01
3.423471314570643020e-01,3.401665434093615326e-01
3.347723193300717881e-01,3.501904044356310974e-01
nan,nan
nan,nan
nan,nan
nan,nan
4.917347082885754062e-01,6.300592141811428570e-01
5.131720819330812811e-01,6.370210031798966277e-01
nan,nan
5.190805115645549250e-01,6.291950863969284491e-01
5.130559547081670058e-01,6.461933028440007831e-01
nan,nan
5.329243997060028049e-01,6.390228162246210930e-01
5.247483087236063382e-01,6.375162689489825008e-01
5.219958297313572748e-01,6.622897595625520939e-01
2.783338525653109019e-01,3.232265294883512330e-01
2.883742103260712453e-01,2.789684724553209150e-01
3.048706197679536545e-01,3.109150610027149320e-01
2.941935274352404650e-01,3.007038770871945932e-01
nan,nan
nan,nan
3.178508557311772176e-01,3.078083336103342171e-01
nan,nan
2.950284304208575792e-01,3.194407494650086110e-01
nan,nan
4.715635666939231863e-01,6.668251390116073374e-01
4.885484016722265732e-01,6.458417643195821789e-01
nan,nan
5.502285751240411082e-01,6.462229521245956843e-01
5.392904973507824939e-01,6.357111284265175577e-01
nan,nan
5.685138497990754880e-01,6.421181257617533111e-01
6.253993266924481320e-01,6.800226732125232987e-01
nan,nan
6.484493541011131512e-01,7.214988057502866869e-01
2.304384215968358629e-01,2.892287027351687634e-01
nan,nan
2.568855438924871337e-01,2.897598933179879044e-01
2.456444798103097071e-01,2.876259724534100393e-01
2.479975746010977533e-01,3.183188935760360994e-01
nan,nan
2.429353097218379942e-01,3.152365903014838766e-01
2.567349565501736430e-01,3.139477217981340162e-01
2.245888979646727956e-01,3.263299457903959255e-01
nan,nan
nan,nan
8.039023610780382523e-01,9.920785315129260207e-01
nan,nan
nan,nan
8.029111428225818026e-01,1.030491992162349879e+00
8.056260674491766416e-01,1.006509881992610822e+00
8.211743311774623022e-01,9.903820758410042391e-01
7.920599275881989865e-01,9.633020336516140425e-01
nan,nan
8.094882087156268780e-01,1.013712841953885668e+00
7.856474999228806322e-01,9.877405492948737598e-01
nan,nan
7.835747170181727173e-01,9.826589623738184454e-01
7.828763376470948554e-01,9.714436907715453540e-01
nan,nan
7.883014281288436287e-01,9.947898472609372211e-01
7.818921819011305230e-01,9.654493087065527668e-01
nan,nan
7.765920002872308547e-01,9.685587764502068264e-01
7.811971821372305502e-01,9.764814476421765921e-01
2.926802777228093566e-01,3.867427773417683734e-01
2.999675201083324971e-01,3.585420588720978352e-01
2.635067650652729854e-01,3.707836047031293769e-01
nan,nan
2.792546523661604829e-01,4.064786927686828144e-01
2.574514093448492247e-01,4.443538069800617163e-01
2.803194860839571256e-01,4.598550197275895757e-01
nan,nan
3.121347288699237166e-01,4.713567659667847187e-01
nan,nan
nan,nan
7.311754669355778891e-01,9.897703846482049928e-01
7.675544320812155430e-01,1.005880444102339899e+00
nan,nan
7.663103308141673287e-01,1.019773625544282858e+00
7.888711061933878499e-01,1.007547352766452908e+00
7.734395065240691203e-01,1.016129737518175924e+00
7.842583902059199197e-01,9.532015041406095568e-01
7.528243536238230504e-01,1.004582922660061106e+00
7.510402866016822054e-01,1.011604531812240193e+00
7.361749275775758550e-01,9.837606721711581459e-01
nan,nan
nan,nan
7.411667408798328083e-01,1.002103834405245530e+00
7.196371452132604984e-01,9.993667668922809888e-01
nan,nan
nan,nan
7.237144871414390446e-01,9.981665619930814026e-01
7.403107918734807003e-01,1.012752907660204649e+00
7.540246071890408519e-01,9.905219961754772040e-01
2.857296406010959577e-01,3.158961831134564080e-01
nan,nan
3.031197493682118993e-01,3.010798529869000428e-01
3.312909494509260200e-01,3.098836804762541419e-01
nan,nan
3.479979831646736188e-01,3.413524819066824367e-01
3.413826724882534913e-01,3.023934551100234125e-01
nan,nan
nan,nan
3.651564216066692237e-01,3.554634614017478933e-01
7.152019011694418227e-01,8.455979239601001396e-01
7.069887285190700199e-01,8.373993898873798303e-01
7.160307587963955500e-01,8.466740005550158488e-01
7.231717649868713016e-01,8.629952314582516326e-01
nan,nan
nan,nan
7.647635284313228921e-01,9.159507712576689942e-01
7.541313286338563460e-01,9.338532743798575453e-01
7.538015172989710466e-01,9.209038865845438071e-01
nan,nan
2.181371793637744694e-01,2.916217396895187108e-01
nan,nan
2.013322210398743872e-01,2.977919039489084208e-01
2.301550548116430561e-01,2.823886392987360328e-01
2.245046174018857366e-01,3.381709193976745187e-01
2.095506553927938553e-01,2.861124153553651905e-01
1.988320336102392116e-01,2.825463378704953232e-01
2.208100157050428836e-01,2.705166792046859725e-01
nan,nan
nan,nan
nan,nan
5.196220817534429326e-01,6.903802222977801772e-01
5.640185064695406592e-01,6.987354471976900960e-01
5.327243286252443255e-01,6.833327391400398909e-01
5.429876605470688178e-01,7.028625378424355752e-01
nan,nan
5.647731997813459914e-01,7.112764904832390433e-01
5.656283698507321711e-01,7.129025967647387718e-01
nan,nan
5.791267650446543236e-01,7.630127098275745201e-01
3.227278014971184383e-01,5.352685572787013735e-01
3.021204612129657074e-01,5.800533586774373473e-01
3.095865697094614677e-01,5.508908115620575474e-01
nan,nan
3.079379003534672421e-01,6.067585677769211649e-01
3.339525806407550590e-01,6.050944921079932648e-01
3.428456643190502806e-01,5.908158803394710779e-01
nan,nan
nan,nan
nan,nan
6.605155904286903468e-01,9.125530791472308279e-01
6.754831746493327183e-01,9.153304941882591805e-01
6.555967579171093629e-01,9.348546766341138126e-01
nan,nan
6.669754223218627986e-01,9.666523313602920497e-01
6.652993289065209925e-01,9.596482390385048244e-01
nan,nan
6.714992276284177386e-01,9.406322498263719467e-01
nan,nan
6.801932947054409873e-01,9.367867739196618082e-01
nan,nan
5.072770276237353881e-01,6.208357723969883946e-01
5.419308443010828480e-01,6.509024824544722421e-01
nan,nan
nan,nan
5.350184028257829461e-01,6.639635343300001047e-01
nan,nan
5.138991113052208126e-01,6.300407993371904825e-01
5.362760790550821222e-01,6.599899574677646763e-01
5.453634174107232502e-01,6.399395069911399947e-01
nan,nan
5.737960384196738595e-01,6.919879010180735035e-01
5.870580586208697937e-01,6.975937473429950630e-01
nan,nan
5.696206573491219283e-01,7.140673944268400852e-01
5.904313593433347940e-01,6.873840831650527283e-01
nan,nan
5.817969117327624895e-01,7.475940883543314985e-01
5.712790303679650128e-01,6.958167469703779862e-01
nan,nan
7.044345338102202536e-01,7.204482602592947593e-01
nan,nan
7.191086876525876193e-01,7.055332361785389139e-01
7.144584490340908367e-01,7.289861553694220175e-01
7.167877560682046623e-01,7.077730637740873298e-01
6.965747337591123856e-01,7.613762321718547943e-01
7.061682724104532127e-01,7.267489098604329456e-01
7.365721635507964660e-01,7.436850821280549528e-01
nan,nan
nan,nan
3.691652770120724680e-01,3.797009478064237165e-01
nan,nan
3.789507281700140173e-01,3.959436728557509944e-01
nan,nan
3.485192734615661925e-01,4.160923945312536287e-01
3.825957885336773168e-01,4.234891331411745341e-01
3.941242614554592572e-01,4.425250592415317930e-01
nan,nan
nan,nan
4.063119447190543521e-01,5.123344901598392287e-01
4.038609965224231324e-01,5.741353881045024865e-01
nan,nan
4.535100922739827012e-01,6.089972264042455841e-01
4.427589437601344158e-01,5.972046637813708259e-01
nan,nan
4.401674484256975495e-01,6.361997825203222767e-01
nan,nan
nan,nan
4.844192706065830745e-01,6.223794934505276766e-01
4.526037596537914043e-01,6.307437888874317666e-01
2.836911666135508159e-01,5.193810211334906057e-01
2.718045689716046542e-01,5.503503116487442615e-01
2.813331418170961218e-01,5.867355837105004968e-01
2.835751784907989959e-01,6.070914287152558986e-01
nan,nan
nan,nan
nan,nan
nan,nan
2.753743134545920124e-01,6.016480549914395848e-01
3.459274901946463587e-01,5.947621080469018828e-01
5.756360508406560550e-01,6.494355209455802136e-01
nan,nan
5.875616375413292847e-01,6.615545986390546362e-01
6.081242596179939897e-01,6.742287768512836843e-01
5.865882189948302683e-01,6.575816285013729168e-01
6.040726621776962846e-01,6.580520526395752245e-01
6.266563960269521116e-01,6.669339860368027617e-01
nan,nan
6.035742739192475614e-01,6.603280581725936571e-01
nan,nan
nan,nan
2.026834591007712072e-01,3.037080774554850038e-01
2.127167849902223684e-01,3.237925169878925202e-01
2.044004077073036663e-01,2.922062385115700156e-01
2.295247774785202366e-01,2.955907312921057239e-01
nan,nan
2.248864281250639863e-01,2.882534596646406655e-01
2.276600801712082567e-01,2.795622882453224767e-01
2.255153151101282061e-01,3.028558724974488858e-01
nan,nan
3.040222963068760498e-01,3.337536095327896524e-01
3.142176496018059262e-01,3.282263363781806054e-01
2.934185671614704671e-01,3.384106168378832602e-01
2.877877464733588075e-01,3.462144758422004975e-01
nan,nan
nan,nan
nan,nan
3.354346845882762995e-01,3.555499609622328472e-01
3.375462686433262083e-01,3.372384594089830046e-01
3.148460937482479571e-01,3.490366623624104880e-01
nan,nan
nan,nan
2.534897688956928574e-01,3.732088004049149421e-01
nan,nan
2.818552392291174269e-01,3.990628459945677609e-01
2.616776016730344434e-01,4.300522665952787871e-01
2.805639987035983274e-01,4.452148120508858109e-01
3.005258677522256727e-01,4.792496428760302796e-01
3.156286911737894996e-01,5.023335199020337871e-01
nan,nan
2.683947606005001596e-01,3.144531874403254101e-01
2.413348153191653134e-01,2.979677876705428829e-01
nan,nan
nan,nan
nan,nan
nan,nan
2.630475942676718248e-01,3.346502794219888277e-01
2.810515122618035266e-01,3.520769451788163806e-01
2.929232846849036953e-01,3.340361659773490310e-01
2.919202017898324120e-01,3.578722065789652351e-01
2.363054308248640489e-01,2.941434271076976414e-01
nan,nan
2.057057817854540949e-01,3.166197086804173333e-01
2.139999815688495288e-01,2.718097540665591616e-01
2.132180081195836630e-01,2.937027545020102770e-01
nan,nan
nan,nan
2.134687377777684802e-01,2.869031826920998007e-01
2.057398560184312275e-01,2.883181408343873375e-01
nan,nan
nan,nan
2.945796854439429735e-01,5.185787000944045433e-01
nan,nan
3.297206231138168353e-01,5.035706522739928914e-01
3.358122448410575944e-01,5.344247516376697815e-01
nan,nan
3.354840863947370910e-01,5.665288729325416162e-01
3.502356316511321399e-01,5.661257645482140610e-01
3.444933202545979456e-01,5.925654193856556562e-01
3.530143779846616758e-01,5.683784627020544988e-01
nan,nan
nan,nan
4.361068317327632116e-01,6.438803414026833538e-01
nan,nan
4.953758322273362769e-01,6.310409895767348232e-01
5.274118172381404568e-01,6.597257281507079574e-01
4.919199085404182270e-01,6.556373161633846092e-01
nan,nan
5.336371186749830908e-01,6.729921934359519575e-01
5.299629303228241550e-01,6.277670633384354604e-01
2.288814690756099945e-01,3.209703014510178476e-01
nan,nan
nan,nan
2.089165337299769276e-01,3.445968969352348754e-01
2.104278250057358135e-01,3.048425262905588018e-01
2.116227665385687906e-01,3.419775164190087535e-01
nan,nan
2.451832816379639624e-01,3.508484138858770085e-01
2.367357159615056938e-01,3.652100809080830457e-01
2.072609796937830706e-01,3.657066086264806892e-01
3.295612129782263255e-01,5.607485356105809116e-01
3.469934937322965984e-01,5.866732676475249209e-01
3.303760195138530364e-01,5.794980349470062464e-01
3.134015497029529196e-01,5.708144637032025459e-01
3.256303844796542002e-01,5.773151015480035841e-01
3.396882899884521856e-01,5.724279220493555531e-01
nan,nan
nan,nan
nan,nan
3.250811496734630768e-01,5.749966600661235994e-01
nan,nan
6.216527880976916443e-01,7.970379597824992501e-01
nan,nan
nan,nan
6.393318901981891456e-01,8.786186488563123564e-01
6.265281216669660314e-01,9.074658118144656171e-01
6.672353237546485571e-01,9.342410236750220420e-01
6.794978441236931843e-01,9.417004292498626361e-01
nan,nan
6.893447530060097250e-01,9.591853145940948400e-01
3.462439579985616689e-01,5.724697193532323203e-01
nan,nan
3.498508253575570159e-01,6.264745976105677849e-01
3.211427888056308522e-01,6.021913854832370294e-01
nan,nan
nan,nan
3.774641863612345771e-01,5.954860446521992312e-01
3.653281385461810138e-01,6.431863646928670519e-01
nan,nan
3.949705331928203278e-01,6.485880078360204415e-01
nan,nan
nan,nan
6.452236582856851754e-01,6.790789225017873632e-01
6.161995694315928196e-01,7.009047883346035679e-01
6.492481843081260307e-01,7.023512503419008235e-01
6.494475925237440661e-01,6.950545332901847395e-01
6.387936643436864514e-01,6.792782056073000119e-01
6.384796386062212559e-01,6.947247735247511491e-01
nan,nan
nan,nan
nan,nan
2.326288975385132074e-01,3.246374800764342261e-01
nan,nan
nan,nan
nan,nan
2.390417178946777632e-01,3.321475129818134420e-01
2.740503673015742270e-01,3.293186202409481012e-01
2.495712779674164883e-01,3.316800383402204178e-01
2.592992600638961420e-01,3.368189381625348866e-01
2.645028601193481488e-01,3.476051242719976897e-01
nan,nan
4.986425309804644046e-01,6.970329407845664571e-01
nan,nan
5.279141278661712011e-01,7.042705506367693546e-01
5.506254998522083222e-01,7.277765209994405682e-01
5.449057938330980067e-01,7.798433082414248929e-01
nan,nan
nan,nan
5.759149035919092219e-01,8.079860653694797001e-01
6.189263256642065780e-01,8.184068295773786472e-01
7.602500624538981455e-01,9.771974773388487634e-01
nan,nan
7.832693436422948352e-01,1.003067466821614628e+00
nan,nan
7.964711177226573291e-01,1.004127695208094639e+00
nan,nan
7.919537888096722655e-01,9.990827328530660356e-01
7.503748101278461258e-01,9.972287155825163563e-01
7.915991926445586913e-01,1.007716379478622803e+00
7.911025747393970464e-01,1.003411233810129310e+00
4.883754709488514756e-01,5.364987797977353035e-01
4.795988881110764823e-01,5.520552750985964208e-01
4.750363623711599259e-01,5.332294553755793087e-01
4.496228167294459843e-01,5.268156890708263207e-01
4.823866545453516785e-01,5.677398300607264803e-01
nan,nan
4.786988452306689124e-01,5.568898695955999401e-01
4.794031294528547926e-01,5.610657398324784273e-01
nan,nan
4.926407402175171923e-01,5.616336330474368532e-01
nan,nan
nan,nan
5.217774755638289186e-01,6.857815980673788170e-01
5.557693085069459471e-01,6.732909051996978089e-01
4.982606127474317192e-01,7.039736573546783172e-01
nan,nan
4.884888863981832752e-01,6.595896941130307001e-01
5.098219021403616047e-01,6.938425584751103381e-01
5.225078449557148952e-01,6.674176997824060598e-01
5.160214963280169709e-01,6.867032809498162527e-01
2.578270215258421927e-01,6.217489761098414780e-01
nan,nan
nan,nan
nan,nan
3.058580336378021181e-01,6.378269930403894783e-01
2.973556955463997342e-01,6.271478472827587414e-01
3.004592931233917019e-01,6.400957964301864367e-01
2.855085994831152441e-01,6.588989046615917333e-01
3.322099627950619860e-01,6.649534304789801453e-01
3.645761102254672648e-01,6.848348842969059769e-01
4.085773011191862758e-01,6.316686666458259936e-01
4.188706487638271803e-01,6.398026904521216807e-01
4.071181784234084167e-01,6.107900536032316863e-01
4.364355761669910239e-01,6.160268375234938532e-01
nan,nan
4.564340136370604872e-01,6.488340473521939655e-01
4.715078875957928739e-01,6.618356020917651739e-01
nan,nan
nan,nan
nan,nan
4.879515388106359097e-01,6.450387568972681951e-01
4.561451690196863251e-01,6.932221557675274370e-01
4.777456032751740134e-01,7.188134954529608045e-01
nan,nan
5.181962894380633955e-01,6.981350182377585867e-01
4.923204514601804971e-01,6.959532348663977075e-01
nan,nan
4.961544617228734744e-01,6.968601521431615486e-01
nan,nan
5.092559949514592343e-01,7.058031306705929708e-01
nan,nan
7.871462043705306222e-01,9.954483904431905561e-01
7.554862676801215038e-01,9.980846795185855935e-01
nan,nan
7.596474835311617380e-01,9.911287518031528521e-01
7.586209489244059023e-01,9.644024883455102337e-01
7.452074636467539426e-01,1.007803322268586044e+00
nan,nan
8.045772526298831107e-01,9.935710464765924455e-01
7.839883794355385627e-01,9.902192834693199774e-01
nan,nan
nan,nan
3.938771289193104264e-01,3.478887996104165770e-01
4.003431960801833167e-01,3.474557560325052252e-01
4.282357854733122582e-01,4.037149848341455849e-01
4.219771450428735360e-01,4.170118669343101381e-01
4.581645441561468246e-01,4.210217666985076601e-01
4.748409111602115984e-01,4.594987402757845785e-01
nan,nan
nan,nan
2.953902919299147278e-01,5.893105958516745568e-01
nan,nan
3.024863666558644248e-01,6.003798092908380069e-01
3.388800120198909305e-01,5.985592929219544223e-01
3.543046158752428121e-01,6.333344336254892459e-01
nan,nan
3.415291396081726050e-01,6.439832816495678625e-01
3.432691557390741832e-01,6.514018415118190131e-01
3.294175969379967706e-01,6.324377676973088613e-01
3.169323059554880473e-01,6.394275902016859359e-01
3.647115454594891948e-01,5.519498796106327987e-01
nan,nan
nan,nan
3.882643489329113407e-01,5.945998965136127801e-01
3.869980288663752988e-01,5.803022548009376669e-01
3.969124056860210414e-01,5.749399328512921903e-01
nan,nan
4.126956650739271315e-01,6.011554030260450876e-01
4.175995925992642688e-01,6.206305763803635633e-01
4.347958516059328704e-01,6.269283193971445511e-01
2.666917734143883223e-01,3.809579534134392431e-01
2.907325997701555864e-01,4.159041017710092825e-01
2.644427276697203788e-01,4.036897033985887284e-01
3.064564467907784362e-01,4.498767989890064545e-01
nan,nan
2.672207404928852448e-01,4.409042745194303725e-01
2.730857506370809040e-01,4.676052589703149076e-01
nan,nan
2.921943141292818180e-01,5.004017268155331877e-01
2.941661113042180475e-01,4.757745844286350723e-01
6.910989413744936805e-01,8.784323007793278792e-01
7.126087406978659500e-01,9.029194603275666475e-01
nan,nan
6.696371233918414489e-01,9.037051590604787688e-01
nan,nan
6.980883355519095224e-01,9.400934647889084284e-01
7.132751491922267872e-01,9.502837209255692308e-01
nan,nan
6.750836165802459599e-01,9.391124124290961550e-01
7.118726228176305293e-01,9.851142005548414460e-01
5.138197821683461175e-01,6.799514292133584936e-01
5.172131858032242846e-01,6.946219926198624606e-01
5.373703648280178102e-01,6.847149924091880946e-01
5.324781915354389605e-01,7.128115501391361075e-01
nan,nan
nan,nan
nan,nan
6.034148574894528938e-01,7.115018682516630610e-01
5.853968684733176220e-01,7.567036743359976114e-01
5.724959539212375326e-01,7.709416479370871933e-01
nan,nan
4.548760364246902110e-01,6.389272674837815913e-01
4.118621266155212957e-01,6.437099184543148001e-01
4.532051172605331968e-01,6.827913619139752699e-01
nan,nan
nan,nan
4.736726425873987734e-01,6.821970636752509032e-01
4.654124114325178252e-01,6.774130046728187304e-01
nan,nan
4.792210904707818186e-01,6.546945822716614405e-01
3.995654859400067926e-01,3.833884122072470646e-01
3.925264117835288724e-01,3.877207869535094775e-01
nan,nan
4.180743094396541237e-01,4.251206412140615121e-01
4.331327270319996203e-01,4.057311356396728352e-01
4.404948248749558926e-01,3.890802861090580378e-01
4.194276451861971844e-01,4.341369061031716825e-01
4.024428889642928109e-01,4.263323985775377967e-01
nan,nan
nan,nan
3.382139553768945817e-01,3.602632199273023694e-01
3.780224523014485971e-01,3.498999930787370927e-01
nan,nan
nan,nan
nan,nan
nan,nan
3.494808567175184399e-01,3.489407379288692601e-01
3.790903109418564121e-01,3.604048426939435723e-01
3.959904517275856239e-01,3.385332100357396068e-01
3.762161493674957002e-01,3.683785166161739899e-01
3.825579369148692233e-01,6.092024222372529607e-01
nan,nan
3.816759941448921167e-01,6.191976610216765042e-01
nan,nan
3.990986289604052661e-01,6.440942103834057519e-01
3.795734688191744755e-01,6.295349734203827818e-01
nan,nan
4.683719546757005858e-01,6.505760384789951445e-01
4.350050059293197324e-01,6.362771205507578021e-01
4.578797591857357019e-01,6.228358005214932325e-01
nan,nan
2.781445771409521428e-01,2.909868269484198189e-01
nan,nan
2.786697010094103533e-01,3.227887459173581775e-01
2.807388538427029734e-01,3.131602979512503326e-01
2.747005979514604568e-01,3.277901789395422094e-01
2.806679262915782180e-01,3.067389460096826004e-01
nan,nan
nan,nan
2.807603984485532167e-01,3.295760072136589280e-01
nan,nan
4.650196816317234139e-01,3.808562842471049370e-01
4.377304135291740228e-01,4.139531880918801976e-01
4.937291533339431826e-01,4.197941281693756133e-01
5.345381446437353912e-01,4.507110857603002230e-01
nan,nan
5.418237731509512045e-01,4.979242072266272801e-01
nan,nan
5.413004230574304243e-01,5.241157085785733694e-01
nan,nan
nan,nan
6.309184991680174548e-01,6.899684416927296393e-01
nan,nan
6.324881931429352511e-01,6.787057428083569377e-01
6.412684683616299841e-01,6.554669047021928208e-01
nan,nan
6.111860289678576752e-01,6.892285891166129996e-01
nan,nan
6.551126306139817279e-01,7.124369017172490492e-01
6.804642982241998483e-01,6.920844043608748164e-01
7.781419767164544643e-01,1.010662230468254208e+00
7.361824916482522241e-01,1.012797854784017959e+00
7.832325951142620202e-01,9.873048660093719509e-01
nan,nan
nan,nan
7.585598648569541469e-01,1.008773951461932050e+00
nan,nan
nan,nan
7.802322294753574194e-01,1.011974495789324191e+00
7.368542525256051023e-01,9.972878163094871518e-01
4.271581233220250184e-01,6.592921406336369472e-01
4.375484806063983378e-01,6.725461932302919665e-01
nan,nan
5.059740299794432961e-01,6.238751587149329314e-01
nan,nan
5.253445404938276164e-01,6.931479942145009066e-01
nan,nan
nan,nan
5.558737375882712994e-01,7.191886187769191974e-01
5.632076771235484669e-01,7.300388445748129396e-01
6.509501091205194268e-01,7.792227303283666417e-01
nan,nan
nan,nan
6.490999893676595578e-01,7.521848850346150028e-01
6.814862364936767891e-01,7.872258756988187445e-01
6.814773828323608118e-01,7.738252207353262246e-01
6.705315319240726657e-01,8.230478301355538262e-01
6.707017885661540335e-01,8.275910216258574037e-01
nan,nan
nan,nan
4.965758265682321260e-01,6.737839752610418342e-01
nan,nan
5.169116268246195522e-01,6.744613857028279869e-01
nan,nan
5.102570631659052447e-01,6.894132111340077751e-01
5.177868868844439643e-01,7.196004530157430468e-01
5.254092939123711226e-01,6.825378596476755488e-01
5.450827958540679363e-01,7.150020793357508841e-01
nan,nan
5.340136757975876280e-01,7.220084471325284303e-01
nan,nan
7.324308104360670590e-01,9.078530157487771923e-01
nan,nan
7.255521108258179419e-01,9.381545858606942234e-01
nan,nan
7.340561895802841796e-01,9.179914558242824318e-01
nan,nan
7.386712409478406460e-01,9.521695375090142299e-01
7.296847705480977719e-01,9.740142008579751876e-01
7.593314631998036024e-01,9.505280608435312528e-01
6.953837096208702606e-01,7.735760656591269546e-01
nan,nan
6.876995512100965158e-01,8.145300567636466482e-01
6.909966738589912172e-01,8.221349120214408446e-01
7.178994105478682108e-01,8.405913993449114496e-01
6.959852163669020264e-01,8.455242694141390514e-01
6.875469745378204323e-01,8.548026692674480786e-01
nan,nan
7.234321005697933460e-01,8.686717880709984296e-01
nan,nan
2.809333134816552335e-01,5.650241328733632828e-01
nan,nan
nan,nan
nan,nan
nan,nan
3.186131166010778837e-01,6.108144577842872236e-01
2.962811993611718098e-01,6.096225848578202822e-01
3.155924416682446276e-01,6.189095116991387702e-01
3.291728326615796507e-01,6.225427251871179513e-01
3.373329129539764382e-01,6.134613655431053747e-01
7.434908053301343411e-01,9.594969813215782350e-01
nan,nan
nan,nan
7.336476556514296421e-01,9.851922165793177699e-01
7.761128968343226076e-01,9.936519328388685457e-01
7.171940514823208490e-01,9.803593176322455971e-01
7.395299675985459453e-01,1.004693831373234314e+00
nan,nan
nan,nan
7.650011641720515509e-01,1.003506421345345956e+00
nan,nan
nan,nan
6.620644916920450651e-01,6.787997655009589959e-01
6.631573004355058032e-01,6.958578431243457318e-01
6.874305877040830515e-01,6.878269586217212739e-01
6.672090129457461938e-01,7.052198371466528171e-01
7.107755487082850765e-01,6.866412055286799099e-01
nan,nan
6.941814655767863940e-01,7.419228665996936423e-01
7.309766442367876538e-01,7.415120642058595779e-01
6.322352037352283460e-01,8.906500506963634933e-01
6.250602865474408354e-01,8.929951997475940040e-01
6.627838822831519927e-01,8.918197714846624047e-01
nan,nan
6.602392312592100243e-01,9.560124725576345517e-01
nan,nan
6.657766702937006897e-01,9.733299654115910027e-01
6.841460792870892593e-01,9.574208311980352271e-01
7.135933853274171179e-01,9.836876486088356186e-01
nan,nan
nan,nan
4.523557795809129978e-01,5.319579012720420108e-01
nan,nan
4.837381809683177769e-01,5.438392166716228271e-01
4.899050293451275850e-01,5.630237971245615203e-01
4.873584981675231909e-01,5.545107708194445539e-01
nan,nan
5.062806619186208668e-01,5.872380385418471960e-01
5.082988461318258544e-01,5.829992459693837947e-01
5.122103231254330202e-01,5.745779460051122500e-01
7.600374554500267665e-01,9.971514026083240223e-01
7.414574310753353492e-01,9.920873017498788027e-01
7.300371111549956993e-01,9.960695951895022215e-01
nan,nan
7.294308957162266571e-01,1.003064542747952759e+00
7.457342280310867988e-01,9.731696413973152104e-01
nan,nan
nan,nan
7.562829919673164092e-01,9.915352092706409826e-01
7.949825866768075455e-01,1.001099259711428990e+00
6.088072567008584457e-01,7.933474679553419451e-01
6.086693415889065095e-01,8.134302307271046306e-01
nan,nan
nan,nan
6.496406561446632644e-01,8.668645351018831047e-01
6.435819731910900066e-01,9.109690410934802030e-01
nan,nan
6.842450647766524785e-01,9.498159515987120161e-01
nan,nan
7.070517488001691886e-01,9.662229384255796028e-01
4.745734338114693807e-01,6.905788403219236260e-01
nan,nan
5.112608566417944367e-01,6.993141908527135131e-01
nan,nan
4.920784374924108140e-01,7.319859637545768072e-01
nan,nan
5.067510692120968940e-01,7.399994918290052626e-01
5.204875674428368626e-01,7.278479411582090552e-01
5.387259613911906664e-01,7.787734222972324538e-01
4.992214751418225793e-01,7.487393668663201440e-01
nan,nan
nan,nan
nan,nan
7.175670677156164023e-01,8.768238047966756543e-01
7.040652194532046604e-01,8.719162493797818492e-01
7.054129701705252886e-01,9.330282873920530129e-01
7.064480699802300201e-01,9.252576772921922155e-01
nan,nan
7.321998065882739937e-01,9.553994992594504465e-01
7.308859349212160073e-01,9.598517638046489830e-01
nan,nan
7.361455036862423196e-01,9.817880838737548244e-01
nan,nan
7.585192159625089303e-01,9.614111441709733974e-01
7.583051752675348256e-01,1.014295778571015605e+00
nan,nan
nan,nan
7.795471591811181655e-01,9.983733768027127642e-01
7.496252688219725568e-01,9.869924216398245909e-01
7.856261096242510567e-01,1.012044306239268332e+00
3.137321545974601777e-01,3.114463611657357633e-01
nan,nan
2.967430725410020176e-01,3.172875972218200946e-01
2.724584066477945266e-01,3.164934912857127469e-01
3.193563762851651111e-01,3.224679990399874630e-01
3.281221333439949261e-01,3.073438362601357832e-01
2.807431757268937789e-01,3.025812881635394636e-01
3.294474877243045996e-01,3.195776854149278701e-01
nan,nan
nan,nan
nan,nan
1.914838503382648993e-01,2.986933712772980587e-01
1.826205621620445030e-01,3.091411297470009201e-01
2.020201766152814604e-01,3.050182051659983684e-01
1.963979747196939185e-01,2.933875768580201937e-01
nan,nan
1.946360987588212632e-01,3.088346154203810423e-01
2.145966608386012664e-01,3.159121021925428430e-01
2.080885645159144259e-01,3.083100631530404367e-01
nan,nan
6.721129965005202545e-01,7.205672597424671588e-01
nan,nan
6.995332031227863290e-01,7.507724884694513268e-01
6.934965880804262461e-01,7.681390991511340971e-01
nan,nan
6.950180808353408901e-01,7.841011293095533352e-01
7.256881331010537339e-01,8.437608990553554511e-01
6.878817170409331494e-01,8.408318010653043073e-01
7.245735931129330121e-01,8.640772769859305091e-01
7.236052697287217450e-01,8.958629552150382258e-01
7.407847223688409644e-01,9.964981528826826196e-01
nan,nan
7.358910022796238959e-01,9.801336627345353936e-01
nan,nan
7.253807204747223514e-01,9.957558693337463795e-01
7.306038668985269657e-01,1.004099317218189791e+00
7.820496299465055090e-01,9.806771991713042480e-01
7.464585717105375329e-01,1.009431216479871773e+00
nan,nan
nan,nan
nan,nan
nan,nan
3.699670792525490137e-01,5.565842421285358554e-01
3.863295444410305701e-01,5.712966679164281913e-01
3.806137070426411917e-01,5.896129295204968201e-01
4.030195835444082553e-01,5.679735196294013466e-01
nan,nan
nan,nan
4.132236156922521331e-01,5.974938731805456982e-01
4.052064897116317010e-01,5.976706604709107751e-01
2.621847801978345327e-01,3.022179499233509925e-01
2.601824596347914742e-01,2.867542036616885226e-01
2.524134639433329719e-01,2.794046542089343443e-01
nan,nan
2.915283349981789285e-01,2.792027229308334246e-01
nan,nan
nan,nan
2.871748742943274202e-01,3.120406848900009744e-01
nan,nan
3.232244511356919259e-01,3.021733326392387897e-01
6.462040491879726956e-01,7.039128874882149001e-01
nan,nan
6.656008115324616448e-01,6.700553526876249499e-01
6.864420760506856345e-01,6.955508220982937750e-01
6.822811172319720452e-01,7.036375897149843572e-01
6.777957311911853022e-01,7.118177529404511317e-01
nan,nan
6.870500791837006460e-01,7.443783372879364535e-01
nan,nan
6.834451122818293589e-01,7.695564870933652157e-01
nan,nan
nan,nan
5.231189086950354117e-01,6.000980538314220070e-01
nan,nan
5.315427045299744302e-01,6.160813439659189594e-01
5.298382690998888478e-01,6.041689536525882698e-01
5.286676027931516142e-01,6.411957939250880756e-01
5.422434904524584542e-01,6.113038183661612113e-01
5.392239368684620393e-01,6.327667224362586440e-01
5.498514502503739632e-01,6.514421853035798904e-01
5.488514744892176722e-01,6.742209292955628763e-01
5.732066513631027815e-01,6.710550887377700890e-01
nan,nan
nan,nan
5.803658838316161361e-01,7.228945274726761294e-01
5.838046956829011647e-01,6.986139553328567509e-01
nan,nan
6.319024282409784199e-01,6.866272371017206888e-01
6.235819005317323471e-01,7.310120889167488478e-01
nan,nan
nan,nan
nan,nan
7.432405802097457048e-01,9.788262594967411800e-01
7.380120251605771786e-01,1.017445345947763924e+00
7.460975104519730339e-01,9.528042047725235886e-01
7.176096887729846996e-01,9.992985628985634472e-01
nan,nan
7.257057199454478580e-01,9.610136928386208144e-01
7.427030686730162756e-01,9.815144301575241537e-01
7.320936929757868583e-01,1.004697519327344857e+00
5.833070976765875049e-01,7.672677359281047105e-01
nan,nan
6.043993408237765541e-01,7.941324142176308110e-01
nan,nan
5.957276041514693032e-01,8.412668690149357476e-01
5.891590477514362378e-01,8.405418081489508531e-01
nan,nan
6.438397610784316605e-01,8.548821483224602336e-01
6.080684695037601450e-01,8.524918838680868305e-01
nan,nan
6.815807651231621245e-01,9.192717220808104273e-01
nan,nan
6.925013579529788466e-01,9.174608750270679680e-01
nan,nan
7.040886331218236815e-01,9.571201174532756317e-01
6.721699828687136558e-01,9.465243336476939495e-01
nan,nan
7.147289693228591201e-01,9.671767635888312009e-01
6.772271375914946656e-01,9.597236177365762178e-01
7.014331191111573549e-01,9.740252135250782040e-01
2.062617574210495186e-01,2.989235639634589270e-01
nan,nan
2.070908559469830101e-01,3.026105155511388256e-01
nan,nan
2.093736270419480905e-01,3.056330837150285085e-01
1.830299566590825877e-01,2.964710464607603901e-01
1.908696017886733487e-01,3.166052517962512081e-01
nan,nan
2.153456975239405047e-01,2.771639942027221970e-01
2.223055338029316652e-01,2.969279879643176301e-01
6.390222268253318294e-01,6.780711476570645546e-01
6.568419205104526482e-01,7.158350474442366496e-01
6.522074034552337585e-01,6.984697966214810094e-01
nan,nan
nan,nan
6.896143753843051449e-01,7.619248830522700189e-01
6.918318548083239872e-01,7.900318117512197258e-01
nan,nan
nan,nan
6.928877558657201563e-01,8.846533166986226826e-01
6.067317587531213530e-01,7.160603600175876604e-01
6.222175353626052674e-01,7.252767498802380475e-01
nan,nan
6.130177896467084997e-01,7.271110624809631329e-01
nan,nan
nan,nan
6.612425357956008831e-01,7.248653483499828409e-01
6.481066610442040021e-01,7.629389936771465708e-01
6.673579813446708364e-01,7.552579001420729465e-01
nan,nan
3.852919956517503741e-01,6.594018388380700202e-01
3.605745218328786916e-01,6.357214063246822144e-01
nan,nan
3.990691497925346609e-01,6.635407998700497689e-01
nan,nan
3.899268801158125020e-01,6.454530693824299670e-01
4.071963502416395819e-01,6.387757550119712580e-01
nan,nan
3.889493208589545059e-01,6.242566764764749809e-01
4.035317012592214980e-01,6.716581704444342105e-01
3.407445974740038186e-01,5.865383200133644781e-01
nan,nan
3.884063946921563204e-01,5.875111454543473499e-01
nan,nan
4.215313957133295375e-01,5.898006507623676509e-01
3.833846119001448893e-01,6.201990937770380796e-01
nan,nan
nan,nan
4.555643871841028036e-01,6.593715899760179688e-01
4.361880837468045113e-01,6.361972017708489302e-01
nan,nan
5.383232726798885537e-01,7.038577140117708852e-01
5.308424651010353879e-01,6.897100750416970127e-01
nan,nan
5.504279731305572465e-01,7.145168848247851479e-01
5.990737300529960230e-01,7.213062155540328479e-01
nan,nan
5.609435866671969029e-01,7.302191819036438769e-01
5.693427781997218995e-01,7.232562359201162305e-01
5.720912653911203183e-01,7.103091579829092783e-01
nan,nan
2.930368162828109191e-01,4.646992502859875751e-01
3.266749363686855534e-01,4.712073975397513270e-01
3.234334167347294731e-01,4.826587326529194200e-01
3.219667211855376521e-01,4.759381572909529012e-01
nan,nan
3.173171298142681840e-01,5.322301929287044375e-01
nan,nan
3.337627539960297263e-01,5.466710142955184537e-01
3.545939782688726782e-01,5.374186606906751207e-01
nan,nan
7.184598128782077042e-01,9.763493011518256104e-01
6.775926277465981196e-01,9.995911034878344203e-01
7.320649871876269144e-01,9.731120833696990102e-01
7.226751999818330496e-01,9.663856843292606413e-01
6.972262797447437155e-01,9.889552406518545835e-01
nan,nan
7.160619626698906393e-01,9.979708231680467501e-01
nan,nan
nan,nan
nan,nan
3.389640027182006521e-01,3.266191409946724855e-01
3.351577589228447729e-01,3.570905076198066519e-01
3.264955046585515386e-01,4.014139828321396375e-01
3.402877955396356735e-01,4.367052039305462929e-01
nan,nan
3.813387089451646395e-01,5.113315619774528864e-01
nan,nan
4.151115299698435179e-01,5.723912227654980311e-01
4.079398668142460993e-01,5.911319964087492496e-01
nan,nan
nan,nan
2.738853172952638304e-01,3.107673247242848102e-01
2.398521565276785505e-01,3.406507656598079525e-01
2.634908305857153743e-01,3.347865165190462289e-01
2.502754011294880399e-01,3.367023777605562262e-01
2.699587361600960245e-01,3.331426563764615656e-01
2.453368405858276924e-01,3.177589330251197608e-01
nan,nan
2.826967589005119907e-01,3.599769683290082734e-01
nan,nan
7.132691338580252616e-01,8.970270904935762069e-01
7.256278665452751131e-01,9.037008599827172084e-01
nan,nan
7.553044699369444448e-01,9.211714213132832230e-01
7.336988744620186464e-01,9.243474267068666483e-01
7.375709331154929327e-01,9.314005752372056524e-01
nan,nan
7.517795122897535931e-01,9.312351225229672513e-01
nan,nan
7.481855132670638397e-01,1.001444866138716305e+00
7.659798463105847999e-01,9.997750712931086081e-01
nan,nan
nan,nan
7.781602991259368718e-01,9.830364619398708204e-01
7.754938933149119196e-01,1.001964738654895548e+00
8.008414166034565351e-01,1.019248620918266290e+00
nan,nan
7.938549864307479220e-01,9.867602908740820133e-01
7.749346991601350210e-01,1.008316178050564060e+00
4.435389672575604236e-01,6.430400138455932835e-01
4.531017796398937869e-01,6.520084658720779469e-01
4.462497609845538782e-01,6.298453492866580294e-01
4.400365030714413206e-01,6.631669505703055023e-01
nan,nan
4.994918910914907806e-01,6.576751197671468763e-01
4.789977884708975231e-01,6.616005878009717511e-01
4.982962491526025106e-01,6.294047565085038043e-01
nan,nan
nan,nan
1.999088629120696903e-01,3.078594079745951562e-01
2.065161105551945042e-01,2.977122543649144970e-01
2.395592196477758506e-01,2.743284155510340439e-01
2.131150428714646550e-01,2.945218554757798590e-01
2.043498148267465231e-01,3.024270338393780233e-01
nan,nan
nan,nan
nan,nan
2.443565140929835899e-01,2.967189345549987034e-01
2.265861746843698954e-01,3.042998612974059380e-01
2.096003262289326541e-01,2.874939055473384464e-01
nan,nan
2.031145072134296903e-01,3.062412681337705611e-01
nan,nan
nan,nan
2.039247519035400913e-01,3.100686917014758848e-01
2.302760378790970064e-01,3.074810362440102418e-01
nan,nan
2.255501356777291633e-01,2.914178214469727579e-01
2.181395012819561108e-01,3.133793321713680413e-01
3.559089945288244627e-01,5.921776601890007541e-01
nan,nan
nan,nan
3.726325860272841628e-01,5.992842371013995528e-01
nan,nan
3.851264507355067757e-01,6.349703959907002648e-01
3.753187108900581936e-01,6.384815597935091791e-01
nan,nan
3.751192182673052100e-01,6.331402776086374473e-01
4.096429494878913724e-01,6.484578378395817744e-01
4.985788637522167166e-01,6.499337910559610521e-01
5.122275127064828126e-01,6.679058476372233821e-01
5.527315016373983703e-01,6.316255215547977864e-01
nan,nan
5.566905567817960199e-01,6.536711032929177767e-01
5.655281140972624465e-01,6.411061242467192001e-01
nan,nan
nan,nan
5.842446228018016718e-01,6.727226711438577533e-01
6.108861319731117012e-01,6.721979899501235867e-01
4.929672595180252248e-01,6.720129069492927210e-01
5.042845101909800842e-01,6.583415769005384055e-01
5.062942381704378381e-01,6.814320366269801532e-01
nan,nan
nan,nan
nan,nan
nan,nan
5.638322004738934856e-01,7.005744982860708792e-01
5.722020583385379888e-01,6.872470389197452567e-01
5.558921362929480914e-01,7.064926966123040719e-01
7.517722805158076893e-01,1.007213883215589023e+00
7.680333833138514033e-01,9.558472794507704151e-01
nan,nan
7.674115318622797277e-01,1.004203202288459051e+00
nan,nan
7.441672352774514332e-01,9.971289420906421785e-01
7.767436647457841570e-01,9.841472482538533573e-01
nan,nan
nan,nan
7.907814716316072801e-01,9.960402619195788398e-01
8.245014394023002513e-01,9.987551270170369477e-01
nan,nan
7.919864440942003814e-01,9.712954393944683851e-01
7.939663836523817020e-01,9.917369057588876213e-01
nan,nan
8.086312288767740775e-01,9.908979071475624290e-01
8.049485812185377398e-01,9.918276893584243581e-01
8.136078767491836672e-01,9.836289219270996087e-01
8.042985484770885929e-01,1.001013857723211942e+00
8.032924684898655743e-01,1.024126313472951022e+00
2.381492429951973522e-01,3.119578578403768843e-01
2.487765182382626894e-01,3.234200595450197890e-01
2.526628337976806193e-01,3.114890467371632665e-01
nan,nan
2.503318835447129742e-01,2.749636343378650816e-01
2.391112696820454631e-01,3.165158688578555424e-01
2.586064920265629952e-01,3.126238461652384171e-01
2.611456382888828753e-01,2.976295256444992376e-01
nan,nan
nan,nan
nan,nan
nan,nan
4.344300896798137246e-01,4.326855209319067086e-01
nan,nan
4.462449889292195992e-01,4.863322518359122215e-01
4.894192664015488137e-01,4.803626087961803126e-01
4.939597438508814831e-01,5.202096630491803708e-01
4.702547340667636022e-01,5.282461078833201595e-01
nan,nan
5.008906545130039634e-01,5.499948856025721478e-01
nan,nan
6.773633399522864806e-01,8.499385366247852458e-01
6.652318301812484291e-01,8.618665125164037821e-01
nan,nan
6.848912810079912372e-01,8.740471128576898785e-01
nan,nan
6.940145134983796149e-01,9.220096073243118084e-01
6.994772605468908555e-01,9.114781290998845709e-01
6.868550592773976504e-01,9.222748442227876042e-01
nan,nan
