ID,TIME,feat1,feat2
0,49.258511700355484,0.21894850462599014,0.3213342727535553
0,49.758511700355484,0.218271129810627,0.30746001132673195
0,50.258511700355484,0.28942184187437114,0.3063893908071391
0,50.758511700355484,0.21500540137605706,0.3388933648307173
0,51.258511700355484,0.16569639133785677,0.4440430944047533
0,51.758511700355484,0.15398757370078248,0.36940414729533083
0,52.258511700355484,0.17729005845133483,0.3377046390988358
0,52.758511700355484,0.2908267060636388,0.2771522101784596
1,64.73401016071091,0.5612870873776816,0.6431620425145945
1,65.23401016071091,0.6898113308029541,0.784168057484124
1,65.73401016071091,0.6253551059262977,0.7456657945861217
1,66.23401016071091,0.58174186762733,0.7268879508188053
1,66.73401016071091,0.5699496548369767,0.7930916774616946
1,67.23401016071091,0.6884719676360846,0.8658103637320304
1,67.73401016071091,0.5316416709269967,0.8345409342868821
1,68.23401016071091,0.722685759516882,0.9070947470955558
2,95.20518808469122,0.7799581737387954,1.0100403647104383
2,95.70518808469122,0.7305432164356588,1.0279991606081031
2,96.20518808469122,0.7779875747306622,1.0311052656461157
2,96.70518808469122,0.7185988067346304,0.8985420541215159
2,97.20518808469122,0.7870224832958563,1.0043296799045305
2,97.70518808469122,0.7648492336554176,0.9293268121986681
2,98.20518808469122,0.7678699776059715,0.9506379939829672
2,98.70518808469122,0.6812691793878011,0.980307974897273
3,62.41763926926682,0.5445126499555013,0.417373757954894
3,62.91763926926682,0.43750922547130944,0.44463751301099974
3,63.41763926926682,0.44416064833321467,0.526153865824628
3,63.91763926926682,0.36877609576512593,0.5443196829338226
3,64.41763926926683,0.4729652424038683,0.5418982544206935
3,64.91763926926683,0.467929987341688,0.46216040058413804
3,65.41763926926683,0.3604070318339643,0.44473907380541894
3,65.91763926926683,0.49157265990664684,0.5039562338327527
4,51.866226401480795,0.39325312558888414,0.6319755587587985
4,52.366226401480795,0.30416012763694283,0.6574939643858847
4,52.866226401480795,0.31632899147265203,0.6613503956929021
4,53.366226401480795,0.3037730460289398,0.6556236879767439
4,53.866226401480795,0.365719542793219,0.6626647745262483
4,54.366226401480795,0.33275128055086806,0.6433342168440201
4,54.866226401480795,0.32847295147538813,0.6394133244471507
4,55.366226401480795,0.3685745148123773,0.6984833115878547
5,57.18698347413758,0.4156650731345091,0.5645185557629696
5,57.68698347413758,0.4581095207369028,0.5317460733061846
5,58.18698347413758,0.3948535810882521,0.6522895454674678
5,58.68698347413758,0.34366732214528184,0.6321373203856768
5,59.18698347413758,0.412924426500045,0.7026760005454494
5,59.68698347413758,0.47290409143310475,0.702023344075435
5,60.18698347413758,0.41679493345562474,0.624004576467195
5,60.68698347413758,0.5203039435981237,0.6836754534612259
6,46.24578282878307,0.2938003935630896,0.35684001443631747
6,46.74578282878307,0.318429344944016,0.28010194048891446
6,47.24578282878307,0.26946228601686384,0.402103431707431
6,47.74578282878307,0.31559261251255133,0.3373443551534344
6,48.24578282878307,0.25817553747692046,0.4161392925746228
6,48.74578282878307,0.3339787087524101,0.41929917436263553
6,49.24578282878307,0.3774694463880821,0.4427168392402837
6,49.74578282878307,0.3296518181109806,0.3653231001814859
7,82.82847416381696,0.4858302662790286,0.6341901201717008
7,83.32847416381696,0.5521835073176077,0.6697888979614152
7,83.82847416381696,0.4824685731862094,0.6098523904759494
7,84.32847416381696,0.6237155925935316,0.6569611649411957
7,84.82847416381696,0.5830174890390347,0.724775294123986
7,85.32847416381696,0.5744500023249858,0.6373809448792144
7,85.82847416381696,0.7087736234233389,0.7454682445231949
7,86.32847416381696,0.48806942285095556,0.6615601143899866
8,67.51119674655331,0.32340543107508213,0.4523853385082477
8,68.01119674655331,0.2730676111787694,0.5991490681816066
8,68.51119674655331,0.3152979220106421,0.49587517421096666
8,69.01119674655331,0.3575928145303788,0.5346584000720406
8,69.51119674655331,0.32265880746010056,0.5578425499097136
8,70.01119674655331,0.34047117976086755,0.5975824759189082
8,70.51119674655331,0.3783459327109846,0.6252853370097138
8,71.01119674655331,0.47911241267714133,0.7483067609090045
9,77.80262140703742,0.25434411069470836,0.2764162234223695
9,78.30262140703742,0.2835397315767816,0.33988453270508107
9,78.80262140703742,0.2997619543242579,0.2587267187383819
9,79.30262140703742,0.35309662855313195,0.21237680109658436
9,79.80262140703742,0.2003947467022069,0.2934044451871253
9,80.30262140703742,0.31381088330360823,0.28848500311188624
9,80.80262140703742,0.2976446093027838,0.3573836152521863
9,81.30262140703742,0.3431824294192139,0.37056173059690684
10,59.65994896097145,0.5737352606343454,0.6806423221243336
10,60.15994896097145,0.6993953810258629,0.784070599375902
10,60.65994896097145,0.6407433412223361,0.776660440086461
10,61.15994896097145,0.6923237470455272,0.8216321601824715
10,61.65994896097145,0.6788358118811102,0.8325795850969887
10,62.15994896097145,0.5946965526970314,0.9073481533885684
10,62.65994896097145,0.6273715497800993,0.8737121535894184
10,63.15994896097145,0.7661663156488991,0.9317038776227526
11,68.03670522863665,0.40961220917538754,0.6014055216888788
11,68.53670522863665,0.5137888060642768,0.6225342350345417
11,69.03670522863665,0.43769757352158933,0.6297700242895613
11,69.53670522863665,0.5461016687194643,0.5317830334485163
11,70.03670522863665,0.5101831989739596,0.6098800851491288
11,70.53670522863665,0.5332606667238637,0.6392358465818558
11,71.03670522863665,0.4678843040107812,0.6236268752889765
11,71.53670522863665,0.5599102725558891,0.5815858259614652
12,68.35866644784672,0.6358890358966942,0.7100604140983564
12,68.85866644784672,0.6400395605686643,0.6923199626544961
12,69.35866644784672,0.6572786076302217,0.6881586245400347
12,69.85866644784672,0.6524374218458217,0.6823997524089
12,70.35866644784672,0.7068130896505628,0.7556199269314327
12,70.85866644784672,0.7187075467884687,0.7723855273689766
12,71.35866644784672,0.6522700372412925,0.7421312224580612
12,71.85866644784672,0.6534698119996902,0.8180857933312027
13,63.18428412887639,0.236389139533665,0.6028535461453575
13,63.68428412887639,0.2888390885435279,0.6255706703646653
13,64.18428412887639,0.2644943185054187,0.5275141430522168
13,64.68428412887639,0.2359773492094418,0.5643291386416743
13,65.18428412887639,0.23301982381702832,0.6680990402572832
13,65.68428412887639,0.3968500324861167,0.6028866296637675
13,66.18428412887639,0.30742711243580434,0.6762030635542824
13,66.68428412887639,0.31636289322834377,0.6677789611500093
14,70.21850401517368,0.29567226107100625,0.27784098865721846
14,70.71850401517368,0.23509662894815345,0.40299968398451524
14,71.21850401517368,0.25550180388238264,0.39568548134524123
14,71.71850401517368,0.29111086510767353,0.373788204717052
14,72.21850401517368,0.1328774868408914,0.4916372231063627
14,72.71850401517368,0.3319720940838974,0.5456204727342053
14,73.21850401517368,0.2855487703233188,0.5238038851673765
14,73.71850401517368,0.32271349160568863,0.4462440776426254
15,76.02344578639784,0.35994393667532243,0.5921850148476743
15,76.52344578639784,0.3258871283560936,0.6590904056236931
15,77.02344578639784,0.32482957051117983,0.6317941459173084
15,77.52344578639784,0.3991464284744235,0.6155648044574942
15,78.02344578639784,0.35213182466723053,0.6427972565155328
15,78.52344578639784,0.22756286311911494,0.6594895447903363
15,79.02344578639784,0.44301483792654384,0.6341733638839288
15,79.52344578639784,0.4459267279707774,0.585936893835572
16,73.21643211919758,0.5602487958461905,0.645191622840127
16,73.71643211919758,0.7139123041645925,0.6294678941500581
16,74.21643211919758,0.5893192080354378,0.6978601119604364
16,74.71643211919758,0.6336585140896419,0.726082506496493
16,75.21643211919758,0.7371324028336397,0.7289047655968337
16,75.71643211919758,0.6520733750732424,0.6518569279240627
16,76.21643211919758,0.7251103286168553,0.5814960135859379
16,76.71643211919758,0.6758816771762493,0.6199681758704101
17,69.12535528092818,0.4874958805805526,0.7822740554257734
17,69.62535528092818,0.4495107909448112,0.5651739535049435
17,70.12535528092818,0.4994779491834345,0.6653320659044881
17,70.62535528092818,0.5536566419306221,0.7662322392603959
17,71.12535528092818,0.5836484701704362,0.6995003332610787
17,71.62535528092818,0.5209607154460044,0.6062009735155023
17,72.12535528092818,0.5051443726553244,0.7221958899533392
17,72.62535528092818,0.5560911319067783,0.6162923249718011
18,80.53785726592642,0.6538171217964202,0.8021633657525189
18,81.03785726592642,0.6263186701912614,0.8357212051684849
18,81.53785726592642,0.7165147335704094,0.8036486277838979
18,82.03785726592642,0.775593183007602,0.7836081398963128
18,82.53785726592642,0.745090615617831,0.9163565788847089
18,83.03785726592642,0.7325704149939214,0.9036476225470237
18,83.53785726592642,0.7006776199644171,1.0298592695280284
18,84.03785726592642,0.6287482652500871,0.8502741621752293
19,72.6545417943456,0.6396593581437702,0.7193287496264312
19,73.1545417943456,0.6302018257194938,0.6246456068091494
19,73.6545417943456,0.6985280920586865,0.5905314439733435
19,74.1545417943456,0.6516142157419834,0.6372012404323509
19,74.6545417943456,0.603463174466121,0.6814177632316748
19,75.1545417943456,0.6403455717443858,0.63769356844669
19,75.6545417943456,0.6901125927513567,0.7051589277956107
19,76.1545417943456,0.7134478208932411,0.6735245806805912
20,65.85642927552391,0.34632683243411927,0.45745712126737126
20,66.35642927552391,0.3309662880520392,0.5523278617958806
20,66.85642927552391,0.41496159066351157,0.5097607913914665
20,67.35642927552391,0.2964309163021714,0.5517256248262337
20,67.85642927552391,0.33607810364357055,0.5476934880066373
20,68.35642927552391,0.397407426099486,0.5335422907965807
20,68.85642927552391,0.3123714701169563,0.48175249992205416
20,69.35642927552391,0.4150571848074535,0.5778027059358212
21,83.77394631674503,0.6888318376631083,0.7101379064100232
21,84.27394631674503,0.7587885388359396,0.703979728537614
21,84.77394631674503,0.7148218459799807,0.6865512283253875
21,85.27394631674503,0.6831722194354563,0.9115340000540216
21,85.77394631674503,0.6711777746399694,0.7660342565266569
21,86.27394631674503,0.6491806637982104,0.8050459403712987
21,86.77394631674503,0.7579543336104153,0.8166435125822805
21,87.27394631674503,0.8651811368424771,0.7596001969478083
22,72.76275645631614,0.5743698940883343,0.5759212576197535
22,73.26275645631614,0.5926918806552546,0.6231211210096015
22,73.76275645631614,0.5972955978704627,0.5405851587077618
22,74.26275645631614,0.4882216386243189,0.5756586272521645
22,74.76275645631614,0.5165631834895352,0.6432641604506164
22,75.26275645631614,0.6530714858107847,0.5428900403347826
22,75.76275645631614,0.6583556687113492,0.5975744566432757
22,76.26275645631614,0.58274156822818,0.6369851641958117
23,64.20812464472401,0.39090015575116754,0.5956987025113347
23,64.70812464472401,0.5436468260488737,0.6297916940131152
23,65.20812464472401,0.4825368465799086,0.6440886824793673
23,65.70812464472401,0.3793833408383182,0.7107566850088483
23,66.20812464472401,0.49552620858918434,0.6214320402131813
23,66.70812464472401,0.4703694031122973,0.6785640076546123
23,67.20812464472401,0.4077861277750529,0.7130167088233041
23,67.70812464472401,0.5714797481437802,0.6636277308383507
24,67.95795558386274,0.32437199859859034,0.40203789161514675
24,68.45795558386274,0.3026851541728871,0.4302826464076046
24,68.95795558386274,0.3251178296686918,0.4037269975020461
24,69.45795558386274,0.41914604852494364,0.4552649028505641
24,69.95795558386274,0.3963583825956311,0.5273204252656124
24,70.45795558386274,0.3100678025682958,0.542240498227361
24,70.95795558386274,0.4001878309886766,0.5010137820483772
24,71.45795558386274,0.30082216948287555,0.5613206236057214
25,78.15760841689547,0.5975767066833406,0.575221093155861
25,78.65760841689547,0.7633934637056795,0.7001147192385554
25,79.15760841689547,0.6800389286078518,0.6310297207414782
25,79.65760841689547,0.6587838753638705,0.606981765012242
25,80.15760841689547,0.668506321374635,0.7008230647877006
25,80.65760841689547,0.6085615762704264,0.6629017927029933
25,81.15760841689547,0.7406374200430299,0.5924550346888418
25,81.65760841689547,0.6625947288344678,0.6958809715956231
26,75.42653963681622,0.7780480218580059,1.0400576086824276
26,75.92653963681622,0.7428665005946539,1.0400264426844024
26,76.42653963681622,0.7817218224462592,1.0178182171085968
26,76.92653963681622,0.7349483090147597,1.0572773218599107
26,77.42653963681622,0.7286186771980688,1.0357586683647442
26,77.92653963681622,0.7331843212865068,0.895601508740659
26,78.42653963681622,0.8256632105676064,0.9245334799817824
26,78.92653963681622,0.754062941341092,1.046810516658057
27,79.31614722037773,0.6202667453056746,0.7648688365488736
27,79.81614722037773,0.6819976495330787,0.7593147791658728
27,80.31614722037773,0.715475630875026,0.7472767579741489
27,80.81614722037773,0.7498311105385794,0.8340427068018945
27,81.31614722037773,0.7542077466260828,0.7866186152093627
27,81.81614722037773,0.7487558965457843,0.8026765783400631
27,82.31614722037773,0.7399235322561519,0.9375058379148398
27,82.81614722037773,0.7405814060772562,0.7874595684806754
28,77.09436554275707,0.39650743022913043,0.5803287187240014
28,77.59436554275707,0.49881015956628044,0.6580560425430018
28,78.09436554275707,0.40705318078625613,0.6236750589380895
28,78.59436554275707,0.4120385829876978,0.6678266291938684
28,79.09436554275707,0.46952666961453693,0.6613430036854341
28,79.59436554275707,0.5414143975135951,0.6816837252484894
28,80.09436554275707,0.5039898234870073,0.6427311752940067
28,80.59436554275707,0.5611780429908328,0.595461186655418
29,74.62361837078116,0.6935943633700187,0.7746048045500117
29,75.12361837078116,0.7739636457568183,0.8831216404024372
29,75.62361837078116,0.8118749907014157,0.7731334944008259
29,76.12361837078116,0.6888473345562472,0.7979534088748365
29,76.62361837078116,0.6951679160208066,0.7426199915515794
29,77.12361837078116,0.652045408137878,0.8512640517125973
29,77.62361837078116,0.6288061083227484,0.9362492405241363
29,78.12361837078116,0.7792020879791072,0.8923156526186479
30,68.77703365088291,0.12445813091078645,0.19110722428369797
30,69.27703365088291,0.1318128507597699,0.3311498647372652
30,69.77703365088291,0.2131960545000428,0.32016374641140133
30,70.27703365088291,0.20979125483236172,0.29871129761118587
30,70.77703365088291,0.20563977417707338,0.34562593135348263
30,71.27703365088291,0.15659502749192733,0.23477931642216987
30,71.77703365088291,0.19836317230270456,0.20619505470273586
30,72.27703365088291,0.24383830285525596,0.3234480374404447
31,60.86082416176913,0.4001091231207755,0.669510495788492
31,61.36082416176913,0.45668475599986336,0.6327196329389033
31,61.86082416176913,0.5066531774158461,0.599041710803904
31,62.36082416176913,0.4946183833470748,0.5844967517307499
31,62.86082416176913,0.4916678548986909,0.6861888773161557
31,63.36082416176913,0.38759624968730605,0.6424156159132841
31,63.86082416176913,0.49672802480265466,0.6906871595934234
31,64.36082416176913,0.5631066048405696,0.6122351628212065
32,84.64326319150885,0.5819249302999948,0.6967638547051458
32,85.14326319150885,0.5890405432945761,0.8036091820213174
32,85.64326319150885,0.5467882861669742,0.7049577003947585
32,86.14326319150885,0.6708216234820273,0.7294535245827551
32,86.64326319150885,0.5572943963587715,0.7120978936119481
32,87.14326319150885,0.6253711726767787,0.7105685604418767
32,87.64326319150885,0.5937602577181447,0.6412998897607447
32,88.14326319150885,0.5903268733722254,0.7857851824546729
33,60.24011328535926,0.10946077807771698,0.3150971568218153
33,60.74011328535926,0.23038248772715175,0.3582820114489377
33,61.24011328535926,0.1501368960545578,0.32412326442667494
33,61.74011328535926,0.3505331961256492,0.3032665734449915
33,62.24011328535926,0.19379856932838374,0.2867388816147898
33,62.74011328535926,0.2707836606467114,0.3269313609426503
33,63.24011328535926,0.244619571251196,0.25182035341471404
33,63.74011328535926,0.24756079306699835,0.2521045646904605
34,87.4771650591292,0.5902439067969403,0.6765710385275655
34,87.9771650591292,0.6575151326805887,0.6886691952764357
34,88.4771650591292,0.6487793684420355,0.5912679546472115
34,88.9771650591292,0.6164613469912402,0.7176485562602006
34,89.4771650591292,0.5927843907170027,0.8047641607717227
34,89.9771650591292,0.5921867903343755,0.6836678142005288
34,90.4771650591292,0.5639124380966477,0.7025455583574124
34,90.9771650591292,0.5862426232267346,0.8080293239108365
35,51.63208234278733,0.1971435438674152,0.26633748866050133
35,52.13208234278733,0.16934445203992313,0.1886150215720433
35,52.63208234278733,0.22803011446349256,0.3298201919472689
35,53.13208234278733,0.18374779863823215,0.2701181793404444
35,53.63208234278733,0.23173108987095284,0.37420915807520255
35,54.13208234278733,0.2183729461790331,0.321302845456319
35,54.63208234278733,0.1909151678986537,0.3416275743014515
35,55.13208234278733,0.21643533450596486,0.2417988324266817
36,78.46472348808862,0.6829438442297256,1.003788542194861
36,78.96472348808862,0.7521934955361328,0.9980073892268831
36,79.46472348808862,0.670391171565178,1.0313943327407507
36,79.96472348808862,0.7168651974890891,1.014160634109702
36,80.46472348808862,0.6939818624459962,0.9261831333467451
36,80.96472348808862,0.7064916906868245,0.9601763043688608
36,81.46472348808862,0.7628938159075851,1.0307228609730876
36,81.96472348808862,0.6753386216252368,1.0040908845299616
37,67.82824259835772,0.4959546052170506,0.7079013411310032
37,68.32824259835772,0.5370355958956581,0.7604859675808413
37,68.82824259835772,0.5693678053388822,0.862990652353631
37,69.32824259835772,0.6606952697785295,0.9005263369951975
37,69.82824259835772,0.6748235560424638,0.9578691147834839
37,70.32824259835772,0.6631545998234186,0.9310308151038704
37,70.82824259835772,0.6563534991404677,0.8926880505374074
37,71.32824259835772,0.7537153934967236,1.016623684512855
38,66.53894714460627,0.5033852312006852,0.7290301985583563
38,67.03894714460627,0.4484186695396464,0.6102149021091785
38,67.53894714460627,0.47558957015887854,0.7114353839949873
38,68.03894714460627,0.49724109189462007,0.6465915342700439
38,68.53894714460627,0.5766964138374102,0.6826400769264163
38,69.03894714460627,0.4597916719507147,0.6616088015516
38,69.53894714460627,0.5649101477740053,0.6155742557779806
38,70.03894714460627,0.48745901122761126,0.5900018243785541
39,80.30456178881057,0.34393793967014874,0.49017507660906423
39,80.80456178881057,0.32936316843947516,0.6821765171915605
39,81.30456178881057,0.48003556217673155,0.5724475495676141
39,81.80456178881057,0.49236112394100623,0.6555421854876865
39,82.30456178881057,0.4179922657805848,0.6606137824673722
39,82.80456178881057,0.44420518910701684,0.5404256259040227
39,83.30456178881057,0.4795610120741224,0.6483753859493271
39,83.80456178881057,0.4569374690224738,0.6294322293657038
40,90.02780410727225,0.7469622736839725,1.0173264464998162
40,90.52780410727225,0.7004506939852084,0.9109805517051779
40,91.02780410727225,0.6744236952471655,0.8861693492855824
40,91.52780410727225,0.8076380011783576,0.9842493410896513
40,92.02780410727225,0.5778745606499326,1.0575065725066712
40,92.52780410727225,0.6826350755800945,0.9193346571787767
40,93.02780410727225,0.6970983145129227,0.9183145563496283
40,93.52780410727225,0.6980979231228858,1.0080983204940548
41,64.1021930410488,0.22216739457374085,0.6465434613879881
41,64.6021930410488,0.23338573023849002,0.5860679822698743
41,65.1021930410488,0.2289857208886173,0.697285381694901
41,65.6021930410488,0.38264897390363933,0.5957197041464971
41,66.1021930410488,0.27645910007683216,0.5088477574474732
41,66.6021930410488,0.3679531553943604,0.7037106888774964
41,67.1021930410488,0.31344662949258595,0.5995655305741191
41,67.6021930410488,0.290496850675817,0.5913065922609423
42,86.0765789443619,0.7606056723533671,0.9330592980499637
42,86.5765789443619,0.9011314502042773,0.924194581075502
42,87.0765789443619,0.8126975543938958,1.0210674554592822
42,87.5765789443619,0.7743655462021337,1.0222041741072867
42,88.0765789443619,0.8383614069662219,0.9514339531588906
42,88.5765789443619,0.7051365513466537,0.9524381395054531
42,89.0765789443619,0.7617393110798142,0.9343094204188176
42,89.5765789443619,0.7712163921166599,1.0162934913823152
43,64.78792977321608,0.28443210824485365,0.369975451372881
43,65.28792977321608,0.14340863171044904,0.29704611086894445
43,65.78792977321608,0.15235751917008994,0.2384429700075349
43,66.28792977321608,0.14472987946607166,0.2874849518242634
43,66.78792977321608,0.31081353615449636,0.3133251550978478
43,67.28792977321608,0.17586400131562965,0.21286200668107236
43,67.78792977321608,0.10552572870431934,0.2782723821548976
43,68.28792977321608,0.24219904540385145,0.2672673702096846
44,68.0839008662137,0.473398853185288,0.7026219164621473
44,68.5839008662137,0.527280098838118,0.6355393092416199
44,69.0839008662137,0.5077895255889638,0.7110345392093366
44,69.5839008662137,0.4408341724357679,0.6737523075458852
44,70.0839008662137,0.5561150026807458,0.654438823082509
44,70.5839008662137,0.49321809975947245,0.7314958564787271
44,71.0839008662137,0.5613231098139941,0.6136189505013547
44,71.5839008662137,0.5446138785756518,0.6718371709703078
45,65.35363963918157,0.18523560993805813,0.3076881380145249
45,65.85363963918157,0.20572362499881247,0.3563515758301532
45,66.35363963918157,0.19482510875824366,0.29245852855350646
45,66.85363963918157,0.18746444349198427,0.26448286373057167
45,67.35363963918157,0.17139138723480168,0.3219245055645393
45,67.85363963918157,0.10535325144307078,0.31472136562515357
45,68.35363963918157,0.17368132769896732,0.33703746792985895
45,68.85363963918157,0.31266943058860897,0.23882237919382576
46,52.29105261850611,0.26311540539459777,0.40323046385571726
46,52.79105261850611,0.16910834874308273,0.2791492766772986
46,53.29105261850611,0.26772347254068374,0.3252530641848676
46,53.79105261850611,0.19527678925893174,0.35304638314568654
46,54.29105261850611,0.19043675481736483,0.3874072074140315
46,54.79105261850611,0.23668876669864133,0.39005646982097963
46,55.29105261850611,0.1659272156480954,0.3519328873544255
46,55.79105261850611,0.24923173878542085,0.32823505964704613
47,71.16454158471765,0.4386243025905368,0.5900322617324589
47,71.66454158471765,0.35406224877095505,0.6346081049205675
47,72.16454158471765,0.4404560947912844,0.667914214154103
47,72.66454158471765,0.45458744502883325,0.5547694091593711
47,73.16454158471765,0.5071673248244826,0.5830592434721066
47,73.66454158471765,0.4282481959079801,0.6978873867133408
47,74.16454158471765,0.40685230847926407,0.49891480081345896
47,74.66454158471765,0.45797530967284694,0.6510622801538096
48,77.18589481366773,0.39355293162766536,0.7192363308453299
48,77.68589481366773,0.4992588515427968,0.611539076834862
48,78.18589481366773,0.583808397677641,0.6932917106204742
48,78.68589481366773,0.5533291860262527,0.6403686058235328
48,79.18589481366773,0.5912864619994838,0.6638325045656556
48,79.68589481366773,0.5383282417994361,0.6214300327680425
48,80.18589481366773,0.5664196068441791,0.6216905795430425
48,80.68589481366773,0.5705406199288457,0.549136906300805
49,81.01804292188278,0.4343212190674718,0.6683749193306241
49,81.51804292188278,0.4867474016223637,0.5830128091523199
49,82.01804292188278,0.4350495266796678,0.6211801607021268
49,82.51804292188278,0.47867802260911935,0.7032480596952635
49,83.01804292188278,0.44701035040822873,0.5743058992204244
49,83.51804292188278,0.38673411827703,0.625182207506538
49,84.01804292188278,0.4468137012742896,0.6140142874820775
49,84.51804292188278,0.46080027647949184,0.6043271529060538
50,73.01030803982604,0.43953986216637053,0.8010287234807164
50,73.51030803982604,0.5372532953569593,0.6288407109176432
50,74.01030803982604,0.563925532495125,0.6128592598047162
50,74.51030803982604,0.5099636575820468,0.7212279021177821
50,75.01030803982604,0.4365492367411983,0.6122683463558211
50,75.51030803982604,0.5604005977261871,0.5722664715737267
50,76.01030803982604,0.48974185303105755,0.5700465944705251
50,76.51030803982604,0.5170589019479389,0.5917256086951946
51,65.66773092149833,0.5921462822388422,0.6256145773516643
51,66.16773092149833,0.5205573803127155,0.7087003218106669
51,66.66773092149833,0.5349393335354028,0.6742578896520357
51,67.16773092149833,0.7140500868318702,0.6626408699401841
51,67.66773092149833,0.5519453514062637,0.6412901248213502
51,68.16773092149833,0.5752503232791546,0.6217888040067834
51,68.66773092149833,0.5917961073857297,0.7250497560837484
51,69.16773092149833,0.6395515195686621,0.6814609508019562
52,62.193071390256726,0.3608457357995384,0.47777667428270437
52,62.693071390256726,0.38760872618028863,0.4924407286935723
52,63.193071390256726,0.2868199211025754,0.4742073258077506
52,63.693071390256726,0.3724844860852007,0.4338049823074701
52,64.19307139025673,0.38762139666942846,0.4669136113716941
52,64.69307139025673,0.3881859690032795,0.5453128050070248
52,65.19307139025673,0.4126677644007442,0.5205763458715564
52,65.69307139025673,0.31919549396634184,0.5937270558051541
53,74.12851749847044,0.6395743533976587,0.6656711313391211
53,74.62851749847044,0.6379299512230758,0.748811312347227
53,75.12851749847044,0.671698154537067,0.6780690289289079
53,75.62851749847044,0.5570980789618694,0.7047071866937928
53,76.12851749847044,0.6925246699931444,0.669099552877926
53,76.62851749847044,0.6469213112870584,0.710420563984694
53,77.12851749847044,0.7461258660926253,0.7554131500811582
53,77.62851749847044,0.7275230811427962,0.7566208380648003
54,65.72643333653328,0.41761423115310836,0.6852337006814482
54,66.22643333653328,0.501976163737714,0.784497560647481
54,66.72643333653328,0.39872380815360353,0.6673367721580373
54,67.22643333653328,0.4106182296478708,0.6450919907996759
54,67.72643333653328,0.4054288766699741,0.5559893966097295
54,68.22643333653328,0.4005993518343551,0.494645810282239
54,68.72643333653328,0.5390792035253693,0.6705819021499902
54,69.22643333653328,0.4267301904283255,0.6936145063981527
55,87.98935270471972,0.6214286859412312,0.7440728118913311
55,88.48935270471972,0.6065480383935983,0.7343670248232124
55,88.98935270471972,0.6208157755769426,0.7047818607512112
55,89.48935270471972,0.7154605678291054,0.8034070384181933
55,89.98935270471972,0.653531119243524,0.8148845484451146
55,90.48935270471972,0.6799215457550263,0.8214681847019427
55,90.98935270471972,0.6579891439474501,0.8485002813419473
55,91.48935270471972,0.7352557565081776,0.8378147013181473
56,62.11615731862283,0.3500613837729169,0.6129017317237787
56,62.61615731862283,0.3679116906373966,0.6806051620695379
56,63.11615731862283,0.3917413884652653,0.5769705184440801
56,63.61615731862283,0.35020698920661597,0.6322437405376053
56,64.11615731862284,0.33348310646302914,0.5420683750139705
56,64.61615731862284,0.37537386166881587,0.7090906643493172
56,65.11615731862284,0.35999065791007595,0.6919143531470078
56,65.61615731862284,0.2281143400341969,0.682780693140411
57,62.382706763600694,0.3687765292603303,0.6206247256769273
57,62.882706763600694,0.42504673004986354,0.5933947619512426
57,63.382706763600694,0.27537291986899376,0.7258737962099395
57,63.882706763600694,0.40444938562462973,0.7551130599137412
57,64.3827067636007,0.390209431676882,0.7545472091582619
57,64.8827067636007,0.3571288532687681,0.618200156308204
57,65.3827067636007,0.3805761769501664,0.7603805125326453
57,65.8827067636007,0.41910678056414746,0.6153764143851485
58,63.90180084620955,0.7605927418140547,0.8004961883121434
58,64.40180084620954,0.6534979743937381,0.7875088344785732
58,64.90180084620954,0.7434985393565399,0.8267617589646415
58,65.40180084620954,0.7210715697236313,0.8284180074797413
58,65.90180084620954,0.7142772591353065,0.7991546000750943
58,66.40180084620954,0.7001336791390913,0.6886108083773478
58,66.90180084620954,0.7430705198776077,0.8457452650487322
58,67.40180084620954,0.8007215520760533,0.8377532787408875
59,68.3917446526713,0.7566655763095167,1.048883435108054
59,68.8917446526713,0.8416439424604772,1.0340087884251017
59,69.3917446526713,0.763031096905217,1.0142616990356295
59,69.8917446526713,0.7732409104205195,0.9422999624105215
59,70.3917446526713,0.7660457890512052,0.9935085193558961
59,70.8917446526713,0.8039475286528039,1.0073188974591347
59,71.3917446526713,0.7993130254324872,0.9170122230912776
59,71.8917446526713,0.8217883890222374,0.9113902892675204
60,61.48217656559123,0.2725925429115607,0.7639234432398404
60,61.98217656559123,0.3681183526697664,0.5047251292868549
60,62.48217656559123,0.367518764987139,0.7030486022243264
60,62.98217656559123,0.2937691229196797,0.7892330390698745
60,63.48217656559123,0.32177384026080424,0.707466014446801
60,63.98217656559123,0.3620453183044116,0.6820898755467131
60,64.48217656559123,0.42228969428695184,0.685249846721163
60,64.98217656559123,0.3467660183443373,0.6820335812157874
61,71.55560777175089,0.7364489113277183,0.7935246437870904
61,72.05560777175089,0.7735179642567741,0.7409546800581402
61,72.55560777175089,0.7942833419798946,0.8489082628055283
61,73.05560777175089,0.7948349185602349,0.856652494518759
61,73.55560777175089,0.7861589960682046,0.7862420486751276
61,74.05560777175089,0.7715432915531508,0.8181475842564337
61,74.55560777175089,0.7456408594392825,0.9655299219698551
61,75.05560777175089,0.6629250271582978,0.9009738952572158
62,57.310298236171576,0.7452377384542119,0.9636245999866474
62,57.810298236171576,0.6222951128498249,0.9006500263242463
62,58.310298236171576,0.7776407488529662,0.9767939790409612
62,58.810298236171576,0.7193152018763336,0.9954524420209199
62,59.310298236171576,0.698790732087308,1.0088830393260202
62,59.810298236171576,0.6782249021141374,0.9823082422321848
62,60.310298236171576,0.7321412203301134,0.9810322224605963
62,60.810298236171576,0.7883951685166197,0.9779232635216176
63,80.981999116809,0.6724012135807741,0.764120707644336
63,81.481999116809,0.6604495682208775,0.7291634109057937
63,81.981999116809,0.6741081172433544,0.7864977809874143
63,82.481999116809,0.6713595420276217,0.753150748430909
63,82.981999116809,0.7315107075279266,0.8343167285225748
63,83.481999116809,0.6082674904252557,0.7937072385589614
63,83.981999116809,0.6950752919194042,0.7541266466030963
63,84.481999116809,0.6675314385021078,0.7949903503075049
64,74.0121422012513,0.6940332841417358,0.6734856907550805
64,74.5121422012513,0.6776065173177157,0.6682100653901633
64,75.0121422012513,0.6405580339741016,0.653063358658389
64,75.5121422012513,0.6592742192496491,0.6137575244011106
64,76.0121422012513,0.6136551317056184,0.7658045358196948
64,76.5121422012513,0.6193344132236449,0.7936176477944143
64,77.0121422012513,0.7270668012183272,0.6131128016123331
64,77.5121422012513,0.7257476647871731,0.7867616201797378
65,63.535800474819595,0.3637428222008443,0.5890626647418304
65,64.0358004748196,0.3494763019976375,0.6353826782543234
65,64.5358004748196,0.3623922164626275,0.6467132044657138
65,65.0358004748196,0.444609616962238,0.659252032687862
65,65.5358004748196,0.44318095830833826,0.5514412597872052
65,66.0358004748196,0.4218329487021035,0.5630597860028033
65,66.5358004748196,0.3173967404364453,0.7076719185284458
65,67.0358004748196,0.3411026235356568,0.6009454790632318
66,70.82728339580906,0.21230644806740556,0.4616406156461664
66,71.32728339580906,0.29253439345772436,0.4768978565028787
66,71.82728339580906,0.257794306899717,0.487501361507235
66,72.32728339580906,0.28354635948847273,0.5148244257010375
66,72.82728339580906,0.18005652966625732,0.5289658516516057
66,73.32728339580906,0.2634237129812229,0.4538295203489048
66,73.82728339580906,0.248916672092754,0.6206983383777626
66,74.32728339580906,0.18968423726687939,0.562558396969842
67,72.25105528964798,0.5353377698904929,0.5529684632846876
67,72.75105528964798,0.5549523998228548,0.6231857934127013
67,73.25105528964798,0.567908585887549,0.7193402565263772
67,73.75105528964798,0.5837804217160695,0.6976777475581942
67,74.25105528964798,0.5246507046740713,0.7014145340890743
67,74.75105528964798,0.4759311604077137,0.647970119044215
67,75.25105528964798,0.5620974462296119,0.5986689438255908
67,75.75105528964798,0.4397158759725266,0.757809162770237
68,77.26652219790203,0.45789190596971285,0.6121033306869192
68,77.76652219790203,0.5017694130199354,0.5432260394836005
68,78.26652219790203,0.4543107988657037,0.6436997745616216
68,78.76652219790203,0.527798269198667,0.6321547234253806
68,79.26652219790203,0.5746066072248432,0.5834970503312311
68,79.76652219790203,0.5262543192251494,0.5986790374068054
68,80.26652219790203,0.5124066828653047,0.6090817656261739
68,80.76652219790203,0.49649597954913954,0.6815263326802392
69,81.45517722844373,0.5397014586549995,0.6690912841056217
69,81.95517722844373,0.7778310590395118,0.5721913244063294
69,82.45517722844373,0.7157523085257113,0.6287147262348469
69,82.95517722844373,0.7336254575850267,0.6486868168514539
69,83.45517722844373,0.6570198368936253,0.6548221473400021
69,83.95517722844373,0.6605765970837404,0.6691098681818426
69,84.45517722844373,0.6107582796340595,0.6010518104875043
69,84.95517722844373,0.6167877469937452,0.6189461669523513
70,68.26972970543322,0.483548898132345,0.7142088916151701
70,68.76972970543322,0.5628734190891601,0.6349540999872882
70,69.26972970543322,0.5886445555842524,0.6319179292266448
70,69.76972970543322,0.4790209982596131,0.7073665895626123
70,70.26972970543322,0.5216479037515828,0.6488693606843556
70,70.76972970543322,0.5553457447337355,0.6848046011501325
70,71.26972970543322,0.6243906587185232,0.6763962289588091
70,71.76972970543322,0.524874199841134,0.5885760146446977
71,70.56863933338632,0.48200030772626296,0.6140632072024123
71,71.06863933338632,0.5196814833709584,0.6433724787572301
71,71.56863933338632,0.42733866674326754,0.6684969848480211
71,72.06863933338632,0.487830859525442,0.6783432432879738
71,72.56863933338632,0.5193485286290174,0.6112805733777195
71,73.06863933338632,0.49755964829509003,0.5561420151607768
71,73.56863933338632,0.5724441460595342,0.6636291475490139
71,74.06863933338632,0.5272589777787449,0.611825846968313
72,82.28651730873204,0.8332906614302393,0.9645983346125917
72,82.78651730873204,0.8350837555637202,0.9915910578436021
72,83.28651730873204,0.6480765257653311,0.9790503476446093
72,83.78651730873204,0.7998263498187044,0.974747656322692
72,84.28651730873204,0.7661539150937674,0.9658946975149602
72,84.78651730873204,0.8156523103672388,1.0377498050020713
72,85.28651730873204,0.7640252704145082,0.9382023651273452
72,85.78651730873204,0.7522033449481056,0.9854098168851191
73,67.01302107009876,0.323472030306393,0.6765558534829275
73,67.51302107009876,0.3528399794959337,0.6590734929006163
73,68.01302107009876,0.3122993515460373,0.5614124062364512
73,68.51302107009876,0.316498883893559,0.5960404293257556
73,69.01302107009876,0.35773452093383895,0.5944237407098245
73,69.51302107009876,0.3278101000331329,0.6072499360265303
73,70.01302107009876,0.23814490733421506,0.6089363380279764
73,70.51302107009876,0.3337556524584564,0.671116029077498
74,65.92786218197655,0.3374202313978146,0.6503463326348504
74,66.42786218197655,0.34664644799184047,0.579832198974951
74,66.92786218197655,0.3410604189661454,0.6065262036989489
74,67.42786218197655,0.3270702975148382,0.6189051973585997
74,67.92786218197655,0.3775608054760374,0.6425102504386758
74,68.42786218197655,0.3435051425624595,0.6917948093209781
74,68.92786218197655,0.24961098651296132,0.5642813339289251
74,69.42786218197655,0.3036070993319448,0.6668067408821671
75,70.5950327950544,0.40791851604218526,0.7173454389224989
75,71.0950327950544,0.5054455186047954,0.7175833492539226
75,71.5950327950544,0.5075915801908427,0.7005247820909912
75,72.0950327950544,0.5285731151743145,0.6211724542685557
75,72.5950327950544,0.5084588781364566,0.6888883639648666
75,73.0950327950544,0.5806581436904639,0.662507416630916
75,73.5950327950544,0.5614050627290473,0.6960444136036555
75,74.0950327950544,0.5722145519380902,0.6550219191303726
76,76.65132062691762,0.32697143435240306,0.610427098235875
76,77.15132062691762,0.34871316148783016,0.6976839103778374
76,77.65132062691762,0.24233244344689875,0.5910694253193769
76,78.15132062691762,0.34489832967129314,0.6781097314635194
76,78.65132062691762,0.37296811780179906,0.7052976190534075
76,79.15132062691762,0.375731263630272,0.6053214411735582
76,79.65132062691762,0.319848065418037,0.580083799450379
76,80.15132062691762,0.4042478729199044,0.5679084576670886
77,76.07745976620546,0.43459222734186187,0.5675484566267475
77,76.57745976620546,0.4125414789135675,0.7305658454344268
77,77.07745976620546,0.4332965437863727,0.7093756879858732
77,77.57745976620546,0.42307452307424565,0.6554047600189074
77,78.07745976620546,0.4841158964479776,0.6030441325208359
77,78.57745976620546,0.483263283258011,0.646012096139817
77,79.07745976620546,0.39977369172611543,0.6975238581806797
77,79.57745976620546,0.4995830321022312,0.6399528589515819
78,68.22735761847112,0.6204397894851097,0.5883689675733168
78,68.72735761847112,0.5676909370060439,0.6529051315175982
78,69.22735761847112,0.5476670331536185,0.6400246970494599
78,69.72735761847112,0.5104711248328042,0.6216579342173905
78,70.22735761847112,0.6064303233656922,0.6642625235317914
78,70.72735761847112,0.6009586835882118,0.6791791595071242
78,71.22735761847112,0.46817121039793874,0.5762963432099086
78,71.72735761847112,0.5997057465445985,0.6908294771490836
79,79.97661212093422,0.69725205268111,0.9482601315259324
79,80.47661212093422,0.5822433838283809,0.8465215866222762
79,80.97661212093422,0.7433392369608103,0.9939867152246292
79,81.47661212093422,0.5471021491545592,0.9969924812428949
79,81.97661212093422,0.6809449856900198,0.9879322904176328
79,82.47661212093422,0.6655565928069193,0.9389596710713763
79,82.97661212093422,0.5731583275340505,1.1110458823372826
79,83.47661212093422,0.7162270909220513,0.9880604890313831
80,71.95002657176805,0.7318385683504243,0.6858570267789376
80,72.45002657176805,0.6697455523954551,0.639230921837031
80,72.95002657176805,0.731835723124767,0.6543323834647795
80,73.45002657176805,0.6181493727597552,0.7047447736212457
80,73.95002657176805,0.6902783620816,0.618305599100715
80,74.45002657176805,0.7752565855229124,0.7457199510264946
80,74.95002657176805,0.7712774823851571,0.6791355496272543
80,75.45002657176805,0.7279753603349409,0.6040803321538691
81,73.59543415493864,0.39999900504038166,0.6276187038283736
81,74.09543415493864,0.45103823294920103,0.5714334306753962
81,74.59543415493864,0.4849161516224272,0.6553412448784145
81,75.09543415493864,0.4409062693730303,0.582899287127471
81,75.59543415493864,0.384153122305978,0.6675751560239449
81,76.09543415493864,0.43894368077615126,0.5919317264621089
81,76.59543415493864,0.43927366186966954,0.6701652695371093
81,77.09543415493864,0.4914239191784756,0.5921326841219188
82,83.80464899247774,0.6410842680328942,0.6894756605583833
82,84.30464899247774,0.7641486644888725,0.722898504978248
82,84.80464899247774,0.7493990124997453,0.7238073708392003
82,85.30464899247774,0.6767977161629231,0.7592394784530117
82,85.80464899247774,0.6899960142968584,0.7987883187905301
82,86.30464899247774,0.6871406181467365,0.7623272220704942
82,86.80464899247774,0.7678387298901244,0.7268790385033281
82,87.30464899247774,0.6802043718281621,0.9307523481120135
83,62.523696705357224,0.5071386765207991,0.6442549241260173
83,63.023696705357224,0.4234655723888439,0.6024992614560013
83,63.523696705357224,0.39609513108799993,0.629365680146249
83,64.02369670535722,0.5285709689832755,0.6649783032966925
83,64.52369670535722,0.5218812412909147,0.6844470729115681
83,65.02369670535722,0.47504498534025197,0.6307793645165338
83,65.52369670535722,0.4610907925969215,0.6850959781791288
83,66.02369670535722,0.5787541834414209,0.6295101327615418
84,58.8573969833904,0.373032030212497,0.6702271025458592
84,59.3573969833904,0.4785848256140661,0.6391553555245592
84,59.8573969833904,0.4144130163100846,0.6289819706185604
84,60.3573969833904,0.3453279500180487,0.6588923781003947
84,60.8573969833904,0.49526428452419724,0.6435882110498933
84,61.3573969833904,0.3508414027610448,0.612178468700761
84,61.8573969833904,0.4238273393522794,0.6636195509929823
84,62.3573969833904,0.44575770568769163,0.6538508814354488
85,68.88011382686459,0.633636200087884,0.7449179837830006
85,69.38011382686459,0.5680192392490798,0.7349890607781799
85,69.88011382686459,0.7367212291672725,0.7754531909080724
85,70.38011382686459,0.5979434737990924,0.8198662323927455
85,70.88011382686459,0.623909969231474,0.8202331751640396
85,71.38011382686459,0.6469726218515425,0.7880227356669863
85,71.88011382686459,0.5621399026033642,0.8746969811521347
85,72.38011382686459,0.6055191183578015,0.859400403724288
86,73.89561999659391,0.6666900189080842,0.5946670980820239
86,74.39561999659391,0.5934593649468796,0.753661842011162
86,74.89561999659391,0.7335973484477081,0.727975209727776
86,75.39561999659391,0.6292840880960597,0.7407301755009835
86,75.89561999659391,0.766463835587402,0.7713370975228923
86,76.39561999659391,0.730716843147569,0.8184615391337892
86,76.89561999659391,0.6192754735183504,0.8211776859128155
86,77.39561999659391,0.6801816184376538,0.8078170518592197
87,83.73641389182913,0.2643054816224746,0.34250469618961277
87,84.23641389182913,0.3065882097614294,0.4278334678763259
87,84.73641389182913,0.3002164987533867,0.4144719266241246
87,85.23641389182913,0.3182168661224744,0.5157058804989767
87,85.73641389182913,0.3032244086448933,0.49498000498516104
87,86.23641389182913,0.34367002534415725,0.5579874061727195
87,86.73641389182913,0.35910369485878746,0.42756886890434287
87,87.23641389182913,0.40231624541751976,0.456258451236668
88,57.88718067872492,0.2885961373736441,0.6315156093814484
88,58.38718067872492,0.34078984892866365,0.7207818058977958
88,58.88718067872492,0.3420852116780303,0.5975262608316999
88,59.38718067872492,0.4651862150033861,0.5925070771235637
88,59.88718067872492,0.3374485918971669,0.6304450090846376
88,60.38718067872492,0.38473046912913583,0.589002458870677
88,60.88718067872492,0.3958480957699345,0.760924745688103
88,61.38718067872492,0.414265724022533,0.6378707128077686
89,73.6924184902672,0.5658551079376237,0.6928359193596291
89,74.1924184902672,0.5686547958896221,0.7058269391281651
89,74.6924184902672,0.6319580525560831,0.6041866165090246
89,75.1924184902672,0.6773790877501477,0.6578408157082354
89,75.6924184902672,0.6186809077307057,0.6697441747319572
89,76.1924184902672,0.5499380928009745,0.7035072536480361
89,76.6924184902672,0.6540676865922863,0.6042215136726378
89,77.1924184902672,0.574136946020793,0.6367194161494808
90,57.40936300335606,0.2572353144704905,0.2090178855045779
90,57.90936300335606,0.24115909626179552,0.33533874260288754
90,58.40936300335606,0.178411756864251,0.33595093743443016
90,58.90936300335606,0.21538423974057622,0.3038108072933859
90,59.40936300335606,0.21474170543852694,0.2366075607336356
90,59.90936300335606,0.1944804773729776,0.4012675701526661
90,60.40936300335606,0.22016555052437253,0.3630428827404033
90,60.90936300335606,0.2865190606448397,0.26593430143560814
91,71.57703771973038,0.6328661092495314,0.7126512751415347
91,72.07703771973038,0.6533975488495808,0.6928459584362785
91,72.57703771973038,0.6333840572213957,0.6706086047352424
91,73.07703771973038,0.6734141402128256,0.8364658675388311
91,73.57703771973038,0.6683992050501174,0.7710342724736146
91,74.07703771973038,0.6223912279897559,0.7966878465957731
91,74.57703771973038,0.657618050011304,0.7694762704347348
91,75.07703771973038,0.6405851203526296,0.8389407111185682
92,73.34586014583901,0.6600209319314319,0.6235198177527098
92,73.84586014583901,0.5618088493121313,0.6504258904212336
92,74.34586014583901,0.5081721397991965,0.6387240164567899
92,74.84586014583901,0.5870862379114106,0.6473386722181459
92,75.34586014583901,0.6204456118718321,0.6699239413182149
92,75.84586014583901,0.6609125822057096,0.653456922306481
92,76.34586014583901,0.6200897849001423,0.662338339847014
92,76.84586014583901,0.6407291107787787,0.6832759542202095
93,62.64054485589435,0.7695182596595506,1.0441099040960102
93,63.14054485589435,0.7816036519022579,1.022277114016828
93,63.64054485589435,0.7749884441937974,1.0349516858794767
93,64.14054485589435,0.8008633407570644,0.9810868338541708
93,64.64054485589435,0.7428208578410315,0.9843339444849881
93,65.14054485589435,0.8114384366971297,0.9665715378935281
93,65.64054485589435,0.8063069193239923,0.9465831124495547
93,66.14054485589435,0.763329688572256,0.9654571899677875
94,60.346666816552315,0.30306441561891195,0.31217933665836695
94,60.846666816552315,0.3442957431548761,0.42440037446299617
94,61.346666816552315,0.27629910943984043,0.28423963613009007
94,61.846666816552315,0.28999798018776574,0.3461925997868093
94,62.346666816552315,0.36126630950076116,0.31655923606258773
94,62.846666816552315,0.15813005427996119,0.2964097140356737
94,63.346666816552315,0.284970592102209,0.24213057311261565
94,63.846666816552315,0.3088772626274836,0.29054925015313576
95,83.1635482613482,0.5030694392321351,0.7140092125214841
95,83.6635482613482,0.5227964908649125,0.7099394036323042
95,84.1635482613482,0.5140872902761444,0.7204291798147399
95,84.6635482613482,0.5883620344512114,0.6845765452860405
95,85.1635482613482,0.5710955742450721,0.6596233885266716
95,85.6635482613482,0.5070883959506483,0.7104239218521182
95,86.1635482613482,0.659229701971767,0.6930796189975157
95,86.6635482613482,0.6197445489868759,0.697489728440534
96,70.59297725390606,0.8000612479422434,0.9440337811900043
96,71.09297725390606,0.7107408461366014,1.0093535749003824
96,71.59297725390606,0.7252650820797049,0.9456086242258706
96,72.09297725390606,0.8207634423412078,1.0373076506121726
96,72.59297725390606,0.7730810847637352,0.9582181281588793
96,73.09297725390606,0.7486474749180441,1.001411487069424
96,73.59297725390606,0.7281786970095672,1.1212382196190913
96,74.09297725390606,0.6887241844096825,0.9877663206301502
97,73.04583982964081,0.6861300394849779,0.8955105420399054
97,73.54583982964081,0.6716484758436645,0.8983040389951443
97,74.04583982964081,0.6085409720902042,0.9147989536983757
97,74.54583982964081,0.7059257654758493,0.9871128909280082
97,75.04583982964081,0.7482848392004379,1.0196837773443932
97,75.54583982964081,0.6174628690378731,0.9771526179870959
97,76.04583982964081,0.7631189401606872,1.0201890245983338
97,76.54583982964081,0.7416873135850564,0.9530322442554539
98,67.5934709933934,0.5943322735203568,0.5737965099663094
98,68.0934709933934,0.5888161012045514,0.7619572223015593
98,68.5934709933934,0.6288336603755365,0.6334115084391279
98,69.0934709933934,0.6107288658010441,0.6225855416460714
98,69.5934709933934,0.6384927708932433,0.616900792445498
98,70.0934709933934,0.5321078632558303,0.689726139472004
98,70.5934709933934,0.4507851580532235,0.6746345458255296
98,71.0934709933934,0.5389204833168924,0.5991401922405251
99,74.43989136380175,0.41553894122922486,0.6582267913179313
99,74.93989136380175,0.49139131513444606,0.5785579774670159
99,75.43989136380175,0.5198044093100381,0.6671328595323718
99,75.93989136380175,0.49286925805325615,0.5673996717673321
99,76.43989136380175,0.49485094642709065,0.6810564374146633
99,76.93989136380175,0.5143491286745507,0.6699621637269919
99,77.43989136380175,0.5020495713789827,0.7053421839727838
99,77.93989136380175,0.4834228287280199,0.597588272368619
100,48.42569603651872,0.5755112926230784,0.6109894494119472
100,48.92569603651872,0.5692449847082528,0.5973722374970738
100,49.42569603651872,0.5276816180590036,0.7035621735317988
100,49.92569603651872,0.6998796777121881,0.6188804552485107
100,50.42569603651872,0.5285157245715845,0.672504111623828
100,50.92569603651872,0.7283330274310997,0.6713816795561529
100,51.42569603651872,0.5205415240854728,0.631694136572369
100,51.92569603651872,0.564479424141657,0.635030627464964
101,81.34828111625998,0.302377606879706,0.6944162991098014
101,81.84828111625998,0.2686996913540021,0.6582997856901304
101,82.34828111625998,0.3343515382096984,0.6392112591099035
101,82.84828111625998,0.25772239934161617,0.7679846284794115
101,83.34828111625998,0.27013773796290913,0.6557803391621497
101,83.84828111625998,0.2952744213306979,0.7212263382147502
101,84.34828111625998,0.39340287582794486,0.5544703921681089
101,84.84828111625998,0.3767702429630987,0.6697051133029961
102,71.81297667353543,0.36928700467905307,0.48289858318901363
102,72.31297667353543,0.35973087190037134,0.47800212682952753
102,72.81297667353543,0.33086388699629676,0.52501058390656
102,73.31297667353543,0.37614021460920366,0.5626109143265483
102,73.81297667353543,0.36312576618827247,0.6548655709013613
102,74.31297667353543,0.40194076571159376,0.6553548510262986
102,74.81297667353543,0.348886128291127,0.5780894729208248
102,75.31297667353543,0.3859877293508871,0.6426853302130242
103,73.43603255436352,0.7546711365958567,1.029824104417853
103,73.93603255436352,0.7256875547145148,0.9744721012994232
103,74.43603255436352,0.8449464349735014,1.005048832538502
103,74.93603255436352,0.6494968376180525,0.9852137466826426
103,75.43603255436352,0.7509650201705582,0.9912648357731912
103,75.93603255436352,0.8449468834624866,1.0440603427827302
103,76.43603255436352,0.8652096121012611,1.0418118395678033
103,76.93603255436352,0.8090511517870634,1.0066610258241446
104,77.05943840872754,0.5608426061845769,0.720624102063842
104,77.55943840872754,0.452508487667035,0.8128569670515813
104,78.05943840872754,0.6490876480739924,0.8908784511397216
104,78.55943840872754,0.5262798550312191,0.7966944101682293
104,79.05943840872754,0.4726875367735422,0.8593892161454557
104,79.55943840872754,0.6310064846089726,0.73540343602912
104,80.05943840872754,0.52772807800852,0.7972000960052745
104,80.55943840872754,0.5436504884850614,0.7232922728405186
105,61.83608482262699,0.27306327182494095,0.617418879327479
105,62.33608482262699,0.33470086686547795,0.626697433134623
105,62.83608482262699,0.24760700925135098,0.5747835545263962
105,63.33608482262699,0.33674723923198285,0.7123263903486544
105,63.83608482262699,0.36163180297401704,0.6675661446601019
105,64.33608482262699,0.37230597713611546,0.6825581303325109
105,64.83608482262699,0.3027444100881302,0.7085605277720178
105,65.33608482262699,0.3754473833747456,0.6357297967028337
106,66.70004449068269,0.431961317555819,0.625427421213961
106,67.20004449068269,0.3987082224273756,0.6983955566737133
106,67.70004449068269,0.33713615345174636,0.6222803636613727
106,68.20004449068269,0.42136554507744306,0.6723359415571554
106,68.70004449068269,0.30874271720129737,0.6308356800827236
106,69.20004449068269,0.42766751695373445,0.6549929182104767
106,69.70004449068269,0.3546815173449645,0.6629847492442152
106,70.20004449068269,0.3888582869755914,0.6427142554678814
107,65.57726186644521,0.8062178684071871,1.0084990184020113
107,66.07726186644521,0.7651602775182031,0.9585517958307799
107,66.57726186644521,0.7646304189753843,1.0292163471782954
107,67.07726186644521,0.7953071937394125,1.0534723268053046
107,67.57726186644521,0.8086402410132986,0.9654085460957712
107,68.07726186644521,0.7472606373756121,0.9508675835746857
107,68.57726186644521,0.7513216839954642,1.0155808598599432
107,69.07726186644521,0.7177825010513432,1.0008768332808202
108,66.46364427256057,0.23258430586688547,0.22318534497042408
108,66.96364427256057,0.1284977395536709,0.34967953128931856
108,67.46364427256057,0.2934900140015507,0.29890686081363776
108,67.96364427256057,0.27705684053263,0.33047634869451553
108,68.46364427256057,0.21498322322981778,0.31941483672471616
108,68.96364427256057,0.2139710875311222,0.21534053602727116
108,69.46364427256057,0.2856260755004944,0.2798722358503127
108,69.96364427256057,0.2274159539466266,0.24867194718421776
109,74.16932984317681,0.7796393027387705,0.9408607694068554
109,74.66932984317681,0.7823315576841049,0.931849421566529
109,75.16932984317681,0.7823120203096006,0.9646256889117184
109,75.66932984317681,0.6727685717838251,1.024004359500722
109,76.16932984317681,0.7316889536594479,0.8943905946866753
109,76.66932984317681,0.7487988000757527,1.0083243849782815
109,77.16932984317681,0.7916622475321057,0.9825078987681101
109,77.66932984317681,0.8160370156102681,0.9992460854003877
110,57.28076750681166,0.24711977841870159,0.304114453344102
110,57.78076750681166,0.2015670430481492,0.23218658128531705
110,58.28076750681166,0.22408414748090436,0.2554783568397871
110,58.78076750681166,0.2186266311658885,0.3407633154757368
110,59.28076750681166,0.1493052235685144,0.15870672077074865
110,59.78076750681166,0.23747876199751064,0.21827295367420643
110,60.28076750681166,0.20514392677118748,0.2250401506835797
110,60.78076750681166,0.30840561805174904,0.3593279885582609
111,75.27965650207577,0.5498821905584416,0.7390320381096972
111,75.77965650207577,0.42344550857442353,0.6667401477350368
111,76.27965650207577,0.457846461845002,0.8695919425400491
111,76.77965650207577,0.4941359560626153,0.7506378082976431
111,77.27965650207577,0.48514228785430663,0.7091857012589968
111,77.77965650207577,0.5109975162214262,0.7445130771037648
111,78.27965650207577,0.48486492177794466,0.8595800484598071
111,78.77965650207577,0.47349668821330965,0.7482854657646006
112,67.61840603979306,0.3344121060722209,0.2862620298643715
112,68.11840603979306,0.27981543301767303,0.23095763619148815
112,68.61840603979306,0.25453887028984934,0.3230495322169544
112,69.11840603979306,0.28638282732404297,0.25138176267033996
112,69.61840603979306,0.27517815006444457,0.35252987730542845
112,70.11840603979306,0.27827608433982165,0.38337258445903094
112,70.61840603979306,0.25909175631634307,0.3541316177361081
112,71.11840603979306,0.25272642798712336,0.4124579308083026
113,64.57410633729378,0.34647712595082175,0.48687153585383114
113,65.07410633729378,0.3589567672241803,0.5880610193019624
113,65.57410633729378,0.3534609365019736,0.5976690637371183
113,66.07410633729378,0.3322904635183936,0.5018072612000681
113,66.57410633729378,0.33232911539070265,0.5934265943812171
113,67.07410633729378,0.39508565366575893,0.5891328373248951
113,67.57410633729378,0.40164049192596996,0.6690437304278966
113,68.07410633729378,0.44781227016176994,0.48984506787836524
114,80.92276124249695,0.48204101082655826,0.696232282712025
114,81.42276124249695,0.4908608614759533,0.7456703296172134
114,81.92276124249695,0.5335282631363711,0.889148217993624
114,82.42276124249695,0.4492370775188049,0.867057981117079
114,82.92276124249695,0.501785103433306,0.8337384826996577
114,83.42276124249695,0.449572302083109,0.9959850801043981
114,83.92276124249695,0.4707470341146408,0.8405579091769317
114,84.42276124249695,0.47555294726409386,0.808957654688276
115,81.6550234179462,0.5994361696801893,0.6530506602743752
115,82.1550234179462,0.5969581192095474,0.6240895538566267
115,82.6550234179462,0.6464920232737834,0.6472416818684719
115,83.1550234179462,0.5686277286485036,0.5424406309219948
115,83.6550234179462,0.550730831888264,0.6521961450050694
115,84.1550234179462,0.661017544633045,0.5973359725494805
115,84.6550234179462,0.6330091699339241,0.7132533343658802
115,85.1550234179462,0.5680355932294746,0.6536071048151216
116,89.14742016652146,0.5132350897401357,0.6408125995255106
116,89.64742016652146,0.5994178668066646,0.653463346209831
116,90.14742016652146,0.5822587655622379,0.6268488447174596
116,90.64742016652146,0.5434045553595774,0.6770272603748474
116,91.14742016652146,0.6659611205291529,0.6507393245709919
116,91.64742016652146,0.49457054124448624,0.6694682568649576
116,92.14742016652146,0.6572780900895933,0.6685732477707323
116,92.64742016652146,0.6219743384366826,0.6603969497795944
117,62.51758578634372,0.4287559438139148,0.7281437508851741
117,63.01758578634372,0.39945669546863943,0.6563004890311116
117,63.51758578634372,0.38334490071803895,0.6717248304974797
117,64.01758578634372,0.36732307576885104,0.6995686627848634
117,64.51758578634372,0.45554399224414993,0.5969683615535556
117,65.01758578634372,0.4268138043103741,0.54731263348085
117,65.51758578634372,0.4780080795187318,0.6687857036752326
117,66.01758578634372,0.39624722809282753,0.7535778286573167
118,65.84732173522673,0.6536318986262273,0.9313095470493016
118,66.34732173522673,0.6292900869981409,1.0145563942466944
118,66.84732173522673,0.6628678797842186,0.9383439498293779
118,67.34732173522673,0.7028567684786567,0.9349376949904205
118,67.84732173522673,0.6541540731515608,0.9043044644273199
118,68.34732173522673,0.57065038441251,0.974441174816165
118,68.84732173522673,0.661606971107826,1.051831286050424
118,69.34732173522673,0.7222148198018674,0.9689917556885957
119,84.14563373951687,0.7547150887873616,0.7247452199815602
119,84.64563373951687,0.7619528220786393,0.7952692117099057
119,85.14563373951687,0.6519297383074673,0.7036645003127704
119,85.64563373951687,0.677817184203372,0.7750129727342968
119,86.14563373951687,0.7961697087171941,0.8284131510893159
119,86.64563373951687,0.7087780028094547,0.8582054738415367
119,87.14563373951687,0.724705977738125,0.8309390831323052
119,87.64563373951687,0.6478831265099207,0.9386620998163652
120,79.28052909644512,0.5564741746681462,0.6838060570885848
120,79.78052909644512,0.47522178132098125,0.6677460517334125
120,80.28052909644512,0.5323256738986674,0.6366818416273969
120,80.78052909644512,0.4620991489931397,0.7293289498150182
120,81.28052909644512,0.5230349991280456,0.7043340034881587
120,81.78052909644512,0.47115678125707994,0.7078239225315903
120,82.28052909644512,0.5676852024962524,0.7765209026371706
120,82.78052909644512,0.6290159379978144,0.7388104872043297
121,88.86662165580697,0.5895797222041061,0.7853741558450974
121,89.36662165580697,0.7803854367754427,0.8765111082483598
121,89.86662165580697,0.6643618271608038,0.7866718911557293
121,90.36662165580697,0.601106207101397,0.884251345131013
121,90.86662165580697,0.6090845445372117,0.8309074894638351
121,91.36662165580697,0.7315355107557483,0.872075790551509
121,91.86662165580697,0.6513838604878726,0.8381235415815947
121,92.36662165580697,0.7250804236306803,0.9111647954110873
122,64.0000896498662,0.5484949950555398,0.623798317827793
122,64.5000896498662,0.5774649939714471,0.6493971081842822
122,65.0000896498662,0.5399132380829849,0.7113159586432733
122,65.5000896498662,0.4979924434031671,0.7036248249491152
122,66.0000896498662,0.46698656865759947,0.6188312379897362
122,66.5000896498662,0.5412525372711614,0.6691025678628411
122,67.0000896498662,0.5636453610382849,0.6307586546598908
122,67.5000896498662,0.48708258073847893,0.6289765182596422
123,63.29458053686878,0.1100323095440717,0.3061829447604835
123,63.79458053686878,0.240110775592356,0.1941860489931851
123,64.29458053686878,0.17823194256876362,0.31401414182146525
123,64.79458053686878,0.2829539777377175,0.2748242887978583
123,65.29458053686878,0.22579468308558676,0.3507548222457009
123,65.79458053686878,0.3411951957220126,0.323307761800376
123,66.29458053686878,0.13530153773459924,0.35858287045239623
123,66.79458053686878,0.15299676669857837,0.37212994036014296
124,76.6439069500026,0.6713586879441742,0.6913440075941931
124,77.1439069500026,0.6433472789351609,0.5816463709957078
124,77.6439069500026,0.6292029295051107,0.7549852463419827
124,78.1439069500026,0.6444878490031276,0.7172160279449947
124,78.6439069500026,0.6783318769087064,0.8223746584032945
124,79.1439069500026,0.7152568314917156,0.86575838968316
124,79.6439069500026,0.7297967646345288,0.8254412349357173
124,80.1439069500026,0.6887062341098484,0.8655546628044739
125,81.16658752530147,0.6508522635446287,0.6908020768142893
125,81.66658752530147,0.6895802326723458,0.7521261657776243
125,82.16658752530147,0.6550751354202203,0.7038423354513178
125,82.66658752530147,0.6411174149143203,0.7085721086343442
125,83.16658752530147,0.658260399578309,0.6506343497183992
125,83.66658752530147,0.6172729960484457,0.6999049352157619
125,84.16658752530147,0.601410203518235,0.6694937359122735
125,84.66658752530147,0.6807746248362656,0.7007873204781503
126,72.69020040334546,0.8117631362862796,1.1094737437995719
126,73.19020040334546,0.8375797961845342,0.963830733976342
126,73.69020040334546,0.779424594088019,1.014935229680059
126,74.19020040334546,0.7250845309551346,0.9534270425436107
126,74.69020040334546,0.8515118871132982,0.9258994416671904
126,75.19020040334546,0.7831975170296017,1.0155019330039892
126,75.69020040334546,0.8083358670740133,0.9168766986366317
126,76.19020040334546,0.7200623782995317,1.067504786065961
127,98.8727490442514,0.5984257826404604,0.8025898507240076
127,99.3727490442514,0.6804631858099284,0.7518435719093801
127,99.8727490442514,0.7600922190070292,0.8244560349044007
127,100.3727490442514,0.7433420073848561,0.826511094415548
127,100.8727490442514,0.7070125928018307,0.8197849686446321
127,101.3727490442514,0.6277005923914696,0.8814267626143174
127,101.8727490442514,0.7247510736359932,0.8858253435051888
127,102.3727490442514,0.6305995957797795,0.9217538765331226
128,65.44122974106517,0.41511856827813237,0.7126697315122047
128,65.94122974106517,0.3625045522421068,0.6724375140335787
128,66.44122974106517,0.3968375234711495,0.6305251810134008
128,66.94122974106517,0.46012814543977026,0.5488883412736767
128,67.44122974106517,0.4765924937976608,0.6761908766138471
128,67.94122974106517,0.3934653181289896,0.6523840774178616
128,68.44122974106517,0.42371814544751896,0.6469532949238113
128,68.94122974106517,0.4171313265667092,0.6681907752316931
129,73.52235283740217,0.5841029557010933,0.6358092024029809
129,74.02235283740217,0.7091140194940921,0.6628092913913831
129,74.52235283740217,0.6311053866902934,0.6813639671173836
129,75.02235283740217,0.6397958288117047,0.6751214135875204
129,75.52235283740217,0.597391096891674,0.6589013023532452
129,76.02235283740217,0.5929513058171594,0.626219296581418
129,76.52235283740217,0.6384213110059589,0.8041012544174116
129,77.02235283740217,0.648139947893279,0.7766397836827824
130,60.6975792944895,0.344847329669709,0.46587857920966325
130,61.1975792944895,0.3929113691596034,0.4761242570358716
130,61.6975792944895,0.394002453292344,0.4959818613414096
130,62.1975792944895,0.41815516000825287,0.5313811041323121
130,62.6975792944895,0.46798938357691633,0.513777928649225
130,63.1975792944895,0.5254118554395666,0.6033569223630707
130,63.6975792944895,0.5280069566086241,0.5666095762368063
130,64.1975792944895,0.48711238220552133,0.697816160649272
131,79.95141336929063,0.5300655278716828,0.6016241346668635
131,80.45141336929063,0.6097157484093623,0.7203693481824645
131,80.95141336929063,0.6055038614015542,0.6739272769787616
131,81.45141336929063,0.48459934420679185,0.5741836106152953
131,81.95141336929063,0.6120882282635907,0.6698451098785934
131,82.45141336929063,0.6065896963296445,0.681072002513509
131,82.95141336929063,0.5970067378905617,0.7333455080013734
131,83.45141336929063,0.5656614063167713,0.6373103457688206
132,84.90662444660026,0.7824782015625454,0.8283849731661677
132,85.40662444660026,0.706834894967167,0.8514281156089645
132,85.90662444660026,0.7510933484704105,0.8811299039158506
132,86.40662444660026,0.7660231228747009,0.8402278140686873
132,86.90662444660026,0.8575747001527823,0.8839412656253421
132,87.40662444660026,0.7238210422656608,0.9208922310919333
132,87.90662444660026,0.6338417349988985,0.8940254556965825
132,88.40662444660026,0.7354915090002597,0.9007208284100389
133,64.92021899907843,0.621953110702878,0.9848051664637557
133,65.42021899907843,0.6305093878720612,0.9974901854298235
133,65.92021899907843,0.5857936962650558,0.991894397040456
133,66.42021899907843,0.6464929455915907,1.033571129003448
133,66.92021899907843,0.6669990910297726,0.9679474689355714
133,67.42021899907843,0.6568225400668564,1.0174072235666778
133,67.92021899907843,0.7488060910763638,0.9896279500529108
133,68.42021899907843,0.7368583010028404,1.013015346906447
134,58.636585294600046,0.4503662145519576,0.6574727046889924
134,59.136585294600046,0.388998983304598,0.668585623486517
134,59.636585294600046,0.5178213318034621,0.6879029720417681
134,60.136585294600046,0.49746993393273997,0.620419281169354
134,60.636585294600046,0.5399636269714994,0.6908096149141398
134,61.136585294600046,0.48840934180151474,0.6514131096679743
134,61.636585294600046,0.47058294588814586,0.7603329727432334
134,62.136585294600046,0.6691715125021019,0.6532434643571534
135,64.989570958026,0.4979282670103279,0.7559838356643568
135,65.489570958026,0.5784421848624985,0.6485576661168528
135,65.989570958026,0.5378871351986986,0.7078186492498617
135,66.489570958026,0.5887829826409221,0.7042042138750866
135,66.989570958026,0.6359587272144926,0.7524960782897439
135,67.489570958026,0.5397629340774003,0.7540130134977773
135,67.989570958026,0.5381227251442137,0.7831730364600056
135,68.489570958026,0.587808414602637,0.8241326311820284
136,85.87298818495657,0.8301803098794356,1.0355839315087574
136,86.37298818495657,0.6931554061650873,1.0034562151056958
136,86.87298818495657,0.7345954660550552,1.0002188077913914
136,87.37298818495657,0.7240117836699527,0.9813921632677831
136,87.87298818495657,0.6938644179377933,1.0339624911012153
136,88.37298818495657,0.7442223791775306,1.0101616497093715
136,88.87298818495657,0.7463022532640925,1.0010366177629029
136,89.37298818495657,0.8163835462357214,1.0797023737469764
137,55.61208281611279,0.25163379007383285,0.3172425993406952
137,56.11208281611279,0.392029670625948,0.2650600146537209
137,56.61208281611279,0.26101907665415297,0.31790153192611176
137,57.11208281611279,0.38625440265027966,0.35493158556432797
137,57.61208281611279,0.29463287964539286,0.363393110085011
137,58.11208281611279,0.38091160672986707,0.42047101126159736
137,58.61208281611279,0.4545722551785618,0.36253742372980446
137,59.11208281611279,0.31174375977617796,0.33160454901874803
138,75.71231061696902,0.36457909524544113,0.6799355635562944
138,76.21231061696902,0.4502688958020035,0.6281323526550661
138,76.71231061696902,0.4799152562160705,0.5937109521775153
138,77.21231061696902,0.5096796185285507,0.6448934257480093
138,77.71231061696902,0.4926951328285622,0.581078575760387
138,78.21231061696902,0.5261636073576166,0.7731074974852964
138,78.71231061696902,0.578198876914649,0.6099810244520352
138,79.21231061696902,0.43993925528225664,0.7065807801164732
139,53.49876138744377,0.1922445758364429,0.3192553932526606
139,53.99876138744377,0.20201762504033802,0.2556678635427325
139,54.49876138744377,0.1865984534731762,0.20440039944592375
139,54.99876138744377,0.25312314989691054,0.2561066721566544
139,55.49876138744377,0.23055628412264714,0.25573730683183543
139,55.99876138744377,0.17613707328380362,0.3125175483746141
139,56.49876138744377,0.1759184769715838,0.2881289973345252
139,56.99876138744377,0.16692664924685324,0.3130361282742646
140,51.30678914530579,0.22424769022858854,0.33406683928470193
140,51.80678914530579,0.13242519274414208,0.3150127151806981
140,52.30678914530579,0.22422740647000006,0.23141455785883508
140,52.80678914530579,0.2216555991828752,0.3304317005098815
140,53.30678914530579,0.2539790684118553,0.27652332596890977
140,53.80678914530579,0.2205953798441683,0.328728134991022
140,54.30678914530579,0.2560955013545273,0.3330890333757404
140,54.80678914530579,0.26939382962970887,0.3654265887437742
141,54.549044004889865,0.15891756782907482,0.5336312863157758
141,55.049044004889865,0.3100960363410743,0.5724146003815077
141,55.549044004889865,0.2711395661008543,0.6590129006930643
141,56.049044004889865,0.32580656359265664,0.6592272812901382
141,56.549044004889865,0.29039156216019696,0.5614798436603049
141,57.049044004889865,0.2915089164225377,0.6625473140904546
141,57.549044004889865,0.31319310552700663,0.5822501714484691
141,58.049044004889865,0.33020864929503413,0.6525577787209234
142,59.91222079274763,0.5787032963470615,0.6635058519471176
142,60.41222079274763,0.6228609147332773,0.5925486004007444
142,60.91222079274763,0.6121675026356098,0.717800473823214
142,61.41222079274763,0.5804038388213681,0.694860764408321
142,61.91222079274763,0.7104327331834166,0.5947430493203247
142,62.41222079274763,0.6582879930467191,0.5863361757203849
142,62.91222079274763,0.6543925007611402,0.705312820562151
142,63.41222079274763,0.6733989912245675,0.7675675569620246
143,86.37178981082451,0.8251427810044941,1.0590709298995908
143,86.87178981082451,0.7578096658046477,1.0656991467932841
143,87.37178981082451,0.8446602569954564,0.958845132670653
143,87.87178981082451,0.8363618515294607,0.9287900766874512
143,88.37178981082451,0.7919815810704237,0.9418890101739701
143,88.87178981082451,0.7695884620995923,0.9872992529286622
143,89.37178981082451,0.8925611730684101,1.0382327889423193
143,89.87178981082451,0.7889207583713628,1.0413448708866853
144,86.32806155661324,0.7643455405271615,1.0968580405583988
144,86.82806155661324,0.7113505825986852,0.9644110170577713
144,87.32806155661324,0.7191580214277097,1.0443562552964063
144,87.82806155661324,0.6983482424193813,1.0027372116496385
144,88.32806155661324,0.6877910611728166,0.937759631116753
144,88.82806155661324,0.6547939010893863,0.8976486046726344
144,89.32806155661324,0.7204736320588334,1.0222340706253021
144,89.82806155661324,0.7682872210923237,1.0359865469911065
145,51.096278425534436,0.40324232758566003,0.5607325858242698
145,51.596278425534436,0.2765756934740786,0.5937967987057198
145,52.096278425534436,0.36125755475150156,0.7102877726934678
145,52.596278425534436,0.2717212937368132,0.612793973869825
145,53.096278425534436,0.3625739640483425,0.6068740944510481
145,53.596278425534436,0.283566345368915,0.6677202709358488
145,54.096278425534436,0.3597512047672753,0.6229789524505264
145,54.596278425534436,0.3142914993119058,0.7454565807854394
146,71.84065159491844,0.621370427913919,0.6759995604436565
146,72.34065159491844,0.6114324612203951,0.6189155469427048
146,72.84065159491844,0.7076613772134605,0.6377516185480772
146,73.34065159491844,0.6531850823534967,0.663077992261712
146,73.84065159491844,0.676483687215034,0.6637203796249209
146,74.34065159491844,0.6843660509970303,0.605861401691487
146,74.84065159491844,0.7445058523933828,0.6819335803273887
146,75.34065159491844,0.7473378129489615,0.6697520537294372
147,63.4195854147801,0.4262245132076668,0.42321676182135237
147,63.9195854147801,0.5206143739654041,0.40713579825032803
147,64.4195854147801,0.4736336329352944,0.4120480926984559
147,64.9195854147801,0.3977181369848722,0.4546951950455699
147,65.4195854147801,0.505867015599795,0.5712597175468398
147,65.9195854147801,0.44536596480754986,0.6088597441407382
147,66.4195854147801,0.4818718455203972,0.5014110787898906
147,66.9195854147801,0.5272988942523742,0.5492611679323627
148,48.04594108359911,0.3746287349825326,0.5012131542060138
148,48.54594108359911,0.2756349545057971,0.6038333784842155
148,49.04594108359911,0.27258520015088095,0.6983940175452187
148,49.54594108359911,0.36102740333474087,0.5793583141772057
148,50.04594108359911,0.30578828973549155,0.5940485800414719
148,50.54594108359911,0.3835016105710827,0.6799912837372115
148,51.04594108359911,0.3735426000073965,0.636612291424061
148,51.54594108359911,0.3782569856817232,0.6636435993396077
149,80.32099453879545,0.7175982883687615,0.7561597011198046
149,80.82099453879545,0.8479665841236174,0.6635243473859215
149,81.32099453879545,0.7172270435728573,0.8002692090577463
149,81.82099453879545,0.719011290527134,0.7446700630917679
149,82.32099453879545,0.7278173306752914,0.8744601421316319
149,82.82099453879545,0.7638948597297894,0.8069140628975614
149,83.32099453879545,0.784470559349847,0.8702387784101974
149,83.82099453879545,0.757596019641973,0.7890127073005223
150,60.17339856970251,0.6514126053240632,0.6222426277971947
150,60.67339856970251,0.6791900686163446,0.6296863132714143
150,61.17339856970251,0.593732103821836,0.6862264985591232
150,61.67339856970251,0.5773439973733506,0.7498802021240286
150,62.17339856970251,0.6071648431473206,0.5622677995672001
150,62.67339856970251,0.6281408643908367,0.7367684368442936
150,63.17339856970251,0.6400660534281518,0.6740568380079636
150,63.67339856970251,0.6805087701642576,0.6782370482838651
151,56.75116181061067,0.3373480301249206,0.6393498891314509
151,57.25116181061067,0.30342097774595234,0.560181958056984
151,57.75116181061067,0.3774408701723645,0.6341472641116781
151,58.25116181061067,0.3327511042503759,0.6618317569333126
151,58.75116181061067,0.3461732061514923,0.6284036522375872
151,59.25116181061067,0.39005504651414064,0.562874876272996
151,59.75116181061067,0.2882211909345416,0.5851084915123919
151,60.25116181061067,0.38114395532472733,0.711388445703456
152,86.05955042142226,0.7401569077836418,0.8036186046050212
152,86.55955042142226,0.7020710993033211,0.8573787868863391
152,87.05955042142226,0.7790065085755944,0.8144483210597755
152,87.55955042142226,0.7406230560111091,0.7824808920319577
152,88.05955042142226,0.7470831320285092,0.8860934325015319
152,88.55955042142226,0.723334464584033,0.7254160797109134
152,89.05955042142226,0.7643301042688286,0.8678496219034859
152,89.55955042142226,0.8054815031655974,0.8384110308160905
153,83.94324671889382,0.5099026464688854,0.6757129457315542
153,84.44324671889382,0.6082583803561825,0.6979855139956745
153,84.94324671889382,0.6041880585847708,0.6473285066860295
153,85.44324671889382,0.5750683130289727,0.7352301516560377
153,85.94324671889382,0.6445936039990215,0.718543125913573
153,86.44324671889382,0.6564355189769978,0.6388473285506707
153,86.94324671889382,0.6626826446177644,0.5864673703669736
153,87.44324671889382,0.5889011054659186,0.8403851092571405
154,73.20117998126672,0.41654802979884786,0.49534937629041287
154,73.70117998126672,0.4741964785011232,0.45973103918081737
154,74.20117998126672,0.45049876475900297,0.4500458794460892
154,74.70117998126672,0.5101671526684965,0.39540161973550014
154,75.20117998126672,0.4684493685359739,0.4545055490510597
154,75.70117998126672,0.440935031283574,0.47955263283978433
154,76.20117998126672,0.47556952554391035,0.4360586875150155
154,76.70117998126672,0.5988568167666196,0.4755600235269661
155,76.34499544029315,0.48359971183113637,0.8853196991269897
155,76.84499544029315,0.5334510359509718,0.8859041651204601
155,77.34499544029315,0.5679056111499164,0.9043513943315565
155,77.84499544029315,0.48808792763056197,0.9369441832074541
155,78.34499544029315,0.5571831825137169,0.9540015137729408
155,78.84499544029315,0.5200468314281363,0.8787417224659401
155,79.34499544029315,0.607290645530158,0.9098878637058453
155,79.84499544029315,0.575546170900734,0.9253444869230221
156,63.279219609687,0.43307577405149333,0.38212305571551214
156,63.779219609687,0.3993729006127532,0.4118355470369733
156,64.279219609687,0.3379962520519323,0.3304547559509148
156,64.779219609687,0.351541257099453,0.46288099012165673
156,65.279219609687,0.3760367280929622,0.3518242132992767
156,65.779219609687,0.4461599455051253,0.37251815616886585
156,66.279219609687,0.4374025169301695,0.36831736083596206
156,66.779219609687,0.4471793453815027,0.3604591223615454
157,65.45645396639968,0.55270220208204,0.5990071640780603
157,65.95645396639968,0.4910274017337776,0.6847799185641684
157,66.45645396639968,0.5047461696016495,0.6887721265950129
157,66.95645396639968,0.530249738114152,0.6612523574548683
157,67.45645396639968,0.5701943891837934,0.695040529892711
157,67.95645396639968,0.566149388156656,0.6417651489697572
157,68.45645396639968,0.5947217431438488,0.5663611459460455
157,68.95645396639968,0.5878961644506779,0.6555201051279268
158,78.6152689022079,0.6022596057300195,0.5452082850403047
158,79.1152689022079,0.654655794361162,0.6096495641848275
158,79.6152689022079,0.6006150080382813,0.6797395821052276
158,80.1152689022079,0.6130089625871892,0.6836954310054617
158,80.6152689022079,0.6924256849740567,0.5935111127891483
158,81.1152689022079,0.5353985370471861,0.5866828040036032
158,81.6152689022079,0.5573309241108036,0.6786904836062848
158,82.1152689022079,0.5415563611173271,0.6199000214364789
159,72.4690204015197,0.7192018707562361,0.96376006441891
159,72.9690204015197,0.7869378366677379,0.9447914916867907
159,73.4690204015197,0.8058159927885494,1.0522988604129369
159,73.9690204015197,0.7546096004019379,0.983023311953696
159,74.4690204015197,0.7581201107431371,0.9217917830240667
159,74.9690204015197,0.8509430990564562,0.850956237765459
159,75.4690204015197,0.7809319558544018,0.9229766962679578
159,75.9690204015197,0.8386253976055642,0.9833862224787745
160,76.02696977135315,0.7812549890320309,0.9725483610017518
160,76.52696977135315,0.8266776810315035,1.0491275722889357
160,77.02696977135315,0.7617187546141894,0.9962191185086228
160,77.52696977135315,0.8829484791264165,0.9724057606440352
160,78.02696977135315,0.7774181468137056,0.9747367898218329
160,78.52696977135315,0.777814044877611,1.0288764977234757
160,79.02696977135315,0.8972563403908169,1.005723160987564
160,79.52696977135315,0.879247301737934,0.9365723560915451
161,72.08248412945328,0.499031436940223,0.6023545388038692
161,72.58248412945328,0.431146729224673,0.6699240065521084
161,73.08248412945328,0.5097628815282955,0.5991816050201451
161,73.58248412945328,0.4929346757216704,0.6926174173100128
161,74.08248412945328,0.5021028894257358,0.6724963276263215
161,74.58248412945328,0.5594838669489995,0.5855789966357977
161,75.08248412945328,0.508869193286622,0.618999667101824
161,75.58248412945328,0.4807214329074162,0.6574038089763686
162,67.124768458505,0.2208790108942988,0.3086397852991363
162,67.624768458505,0.2813311973520194,0.3761985460445407
162,68.124768458505,0.32267777023741295,0.35530096469362255
162,68.624768458505,0.2841041027495383,0.3008455231729722
162,69.124768458505,0.23954845070600594,0.3147403568856736
162,69.624768458505,0.20299606611158966,0.36177094905648355
162,70.124768458505,0.34562652593256243,0.34617399596549364
162,70.624768458505,0.2682762912502037,0.3222771742973651
163,71.53918671703184,0.5548897002374436,0.9125508802628671
163,72.03918671703184,0.6360624223364347,0.8684774122928256
163,72.53918671703184,0.6256691925012109,0.979764969295005
163,73.03918671703184,0.7020967498411967,0.9080866281547916
163,73.53918671703184,0.6159265275720864,1.0130888962225195
163,74.03918671703184,0.6905801789177543,0.9452252543665017
163,74.53918671703184,0.5434767734626056,0.9131541787226972
163,75.03918671703184,0.7514532926909089,0.9753522150793185
164,70.17575924150111,0.1689608179079141,0.3404547621607787
164,70.67575924150111,0.2933692991615986,0.2602699568044453
164,71.17575924150111,0.1120395078112447,0.2817728254496388
164,71.67575924150111,0.30316790188363585,0.22862344691991976
164,72.17575924150111,0.2731911921845086,0.38043598181760424
164,72.67575924150111,0.19107823148950703,0.36679934342387
164,73.17575924150111,0.26841098904245153,0.26823322782228026
164,73.67575924150111,0.22637902630796017,0.28836616525979
165,71.31369452866646,0.20868862295320512,0.34343341462048405
165,71.81369452866646,0.16552271058507562,0.306343845362332
165,72.31369452866646,0.2523842373241696,0.2935858084180011
165,72.81369452866646,0.21727060814061383,0.31916003546812005
165,73.31369452866646,0.20666881232504497,0.2653259146014998
165,73.81369452866646,0.3291127822325718,0.27023505301857753
165,74.31369452866646,0.2623503078781112,0.3487682389782044
165,74.81369452866646,0.21977230588676433,0.3967683891631378
166,65.82130092725482,0.47712283002834754,0.7068565928089349
166,66.32130092725482,0.5062671883578411,0.5495478690631586
166,66.82130092725482,0.40991986738289155,0.7020206667583251
166,67.32130092725482,0.41785744376914463,0.6406029799796465
166,67.82130092725482,0.30895471733550994,0.542532053398142
166,68.32130092725482,0.47359678952208295,0.6286381457107948
166,68.82130092725482,0.357633139289138,0.63317004090541
166,69.32130092725482,0.4806649779411517,0.6508063791550642
167,61.11010681863512,0.6810950173495134,0.7377658891250929
167,61.61010681863512,0.7171520726995567,0.7558538623452283
167,62.11010681863512,0.7255681670179156,0.7052952656824945
167,62.61010681863512,0.7497716930685551,0.8118752753843805
167,63.11010681863512,0.7632673013901506,0.7559888546286503
167,63.61010681863512,0.7903038330134997,0.811735356728787
167,64.11010681863512,0.6863045209194674,0.9353090881397955
167,64.61010681863512,0.7001691313225733,0.8228543172614817
168,77.16024828639536,0.7505139058414146,0.6437384908456899
168,77.66024828639536,0.7367775145729886,0.7641818676017896
168,78.16024828639536,0.7129452584103306,0.7987117783132481
168,78.66024828639536,0.7502526027496631,0.8279602136074877
168,79.16024828639536,0.6586755751442083,0.8447956606709679
168,79.66024828639536,0.7146820748683715,0.7991160693175594
168,80.16024828639536,0.71044042394717,0.8648681531888377
168,80.66024828639536,0.6890743032620794,0.813568770446678
169,70.12398137161918,0.4914403496129031,0.5587043149348496
169,70.62398137161918,0.515841063111033,0.6197474957196202
169,71.12398137161918,0.4630567082626592,0.6561822123000799
169,71.62398137161918,0.571302249968503,0.538125336881901
169,72.12398137161918,0.49786275331337143,0.5355702514519848
169,72.62398137161918,0.4423945714039845,0.6228387080383783
169,73.12398137161918,0.6062136650455622,0.6426314045921417
169,73.62398137161918,0.5044149898604885,0.6823470393273583
170,78.38128314757653,0.2798205219396667,0.6750779325672894
170,78.88128314757653,0.3267778127755636,0.6499023095410809
170,79.38128314757653,0.25476803898774436,0.6272260835226986
170,79.88128314757653,0.2813023322909747,0.6852475211355425
170,80.38128314757653,0.3310636331549114,0.646771563520935
170,80.88128314757653,0.200550565471456,0.6143269542023193
170,81.38128314757653,0.24596537976517502,0.6872650998101433
170,81.88128314757653,0.3211323496840022,0.5341575749296514
171,46.83685813205463,0.436390835126461,0.46117161687008534
171,47.33685813205463,0.31914312425053754,0.5308604392344398
171,47.83685813205463,0.315968024327467,0.39212048925912435
171,48.33685813205463,0.3797541707245941,0.49501322381988216
171,48.83685813205463,0.2932217272271914,0.5847208286103441
171,49.33685813205463,0.3217118031198957,0.535050303782813
171,49.83685813205463,0.2540736437715784,0.5311588748039646
171,50.33685813205463,0.3084225636852167,0.528730373544929
172,63.829635750703964,0.2740212724112161,0.4726024254183944
172,64.32963575070397,0.35164930108065007,0.45755792996515277
172,64.82963575070397,0.325274374983143,0.48973639947143516
172,65.32963575070397,0.3923318789749126,0.5559623636125147
172,65.82963575070397,0.27919239885994573,0.5678106080982549
172,66.32963575070397,0.32415109552745514,0.6161910721065638
172,66.82963575070397,0.40443201716401433,0.5832426130561245
172,67.32963575070397,0.3677605838921086,0.5533742154259739
173,57.328466508077184,0.4684517448055873,0.6043820081593549
173,57.828466508077184,0.5417900980895942,0.6629147911807017
173,58.328466508077184,0.5292028273413971,0.5746177960222867
173,58.828466508077184,0.4420707676369521,0.6724943565515287
173,59.328466508077184,0.433432420671741,0.6421326412973156
173,59.828466508077184,0.5260591042218453,0.66101913788544
173,60.328466508077184,0.4579732951613139,0.6606352694607566
173,60.828466508077184,0.5157766353923748,0.5935762613948539
174,61.85446779467411,0.38169201852234586,0.8114727501536733
174,62.35446779467411,0.4269897264758606,0.8483725699526714
174,62.85446779467411,0.40742926748527036,0.8887734638056696
174,63.35446779467411,0.46323203687120773,0.8297441394698323
174,63.85446779467411,0.33782769343905444,0.8049784677868131
174,64.35446779467411,0.42635800769286364,0.8323805640596934
174,64.85446779467411,0.4404991845970505,0.9292301334486266
174,65.35446779467411,0.5081280916840901,0.8724751944407595
175,76.18303321252468,0.5736613233488569,0.6902426574572705
175,76.68303321252468,0.639315025779318,0.6139659219627414
175,77.18303321252468,0.5530331935759158,0.7467447901866328
175,77.68303321252468,0.6068241020813162,0.7480957315991128
175,78.18303321252468,0.5370641091183878,0.8057240048290021
175,78.68303321252468,0.5218017631704784,0.7324807771407208
175,79.18303321252468,0.5798077929360659,0.7818485434803438
175,79.68303321252468,0.6341049728097254,0.7854293270368106
176,68.06973322948215,0.3247138262849596,0.6637210839135443
176,68.56973322948215,0.3406565002547552,0.5735639788000084
176,69.06973322948215,0.4758344981774528,0.5393225259842295
176,69.56973322948215,0.4314448774140435,0.6395279849857012
176,70.06973322948215,0.4063012735853211,0.6100636085984346
176,70.56973322948215,0.3474855192753786,0.5206554078783472
176,71.06973322948215,0.3627060849631466,0.5181152661948275
176,71.56973322948215,0.4204936884867784,0.5909300820439432
177,76.54394624207781,0.8596976851453724,0.8978828003925872
177,77.04394624207781,0.7374173620289899,1.0472979047977984
177,77.54394624207781,0.8586266525460342,0.9271258882875032
177,78.04394624207781,0.800314552037558,0.9152326920150717
177,78.54394624207781,0.9053153625349885,1.0954870176091736
177,79.04394624207781,0.8764691466372381,1.0488102884184862
177,79.54394624207781,0.7970958517473462,0.9828640489845952
177,80.04394624207781,0.8137570720724359,1.033865165925365
178,63.95459163455315,0.6864135591221615,0.9669885123304122
178,64.45459163455314,0.77035695924759,0.9349019091981379
178,64.95459163455314,0.6469975087854862,0.9464477697929439
178,65.45459163455314,0.6917155662533695,0.9359660094565689
178,65.95459163455314,0.8167965761354259,0.9786237173765358
178,66.45459163455314,0.7406820773925221,1.0663757655841626
178,66.95459163455314,0.8085191937952199,1.034515286722917
178,67.45459163455314,0.7382822942450862,1.0467805596410455
179,52.687002764213574,0.501159624753902,0.45326283283891566
179,53.187002764213574,0.5774402329006718,0.41468301166646626
179,53.687002764213574,0.58217373040914,0.4265173961205603
179,54.187002764213574,0.6114249727257138,0.4081184751872518
179,54.687002764213574,0.5006374925482191,0.4670289640484122
179,55.187002764213574,0.6258513161648354,0.44690783060085787
179,55.687002764213574,0.6075637097292143,0.5239613138912578
179,56.187002764213574,0.643984055413129,0.49804529248786983
180,72.86976508070312,0.7467582422664043,0.6415983734981299
180,73.36976508070312,0.6254491121486079,0.6862037380613318
180,73.86976508070312,0.7533340880307159,0.610132420250838
180,74.36976508070312,0.6515950741057189,0.7090936609969999
180,74.86976508070312,0.6881904130871007,0.6543757739860427
180,75.36976508070312,0.6828002361075168,0.6989558505252151
180,75.86976508070312,0.6944758836900061,0.6201854540232359
180,76.36976508070312,0.6725653469501726,0.5922652687809703
181,57.795880760449364,0.30945195247392965,0.4826771086869162
181,58.295880760449364,0.2770930196957127,0.37513455026296927
181,58.795880760449364,0.32345388333217284,0.5506397575623379
181,59.295880760449364,0.3910580228156202,0.45046870053329935
181,59.795880760449364,0.40062037789724586,0.42640591985496157
181,60.295880760449364,0.4261737705986418,0.5164477953204161
181,60.795880760449364,0.3806442813769719,0.43861245597899656
181,61.295880760449364,0.38461792776553,0.44704468944591497
182,68.24444210708715,0.5626141447822489,0.7890335797699726
182,68.74444210708715,0.5884856957193411,0.8399999357594812
182,69.24444210708715,0.5539548766891138,0.8911219911246658
182,69.74444210708715,0.6062264918130871,0.863240930723189
182,70.24444210708715,0.591398024741775,0.9664833361510449
182,70.74444210708715,0.5935688164455675,0.9280902409495293
182,71.24444210708715,0.49976406992107736,0.9260243045745307
182,71.74444210708715,0.6567806421681018,1.0810498490741838
183,53.11623625722476,0.4655515103927782,0.5604384799664024
183,53.61623625722476,0.5429561816652924,0.6075861833493557
183,54.11623625722476,0.4687163867200293,0.5829220708589452
183,54.61623625722476,0.4749803207636852,0.6184181552388806
183,55.11623625722476,0.46999996732168164,0.62918044050354
183,55.61623625722476,0.5058074758801999,0.6293688619286645
183,56.11623625722476,0.40275662795850137,0.5313824103819349
183,56.61623625722476,0.5115697924224043,0.695969951319164
184,58.46544256647314,0.24167341652011912,0.6364114291355478
184,58.96544256647314,0.28730053019655133,0.6358225743212402
184,59.46544256647314,0.2364686879856584,0.6856270495096087
184,59.96544256647314,0.17441539960387242,0.6870181417031429
184,60.46544256647314,0.20221981391040345,0.6856483158796571
184,60.96544256647314,0.2503176423888473,0.605942461346306
184,61.46544256647314,0.2703073003585955,0.7026029115597385
184,61.96544256647314,0.25493853740379113,0.606741723766424
185,77.48602498482455,0.6080952747331068,0.6329615263789541
185,77.98602498482455,0.6255239128390359,0.6925680848320618
185,78.48602498482455,0.812507642181572,0.6272861138712217
185,78.98602498482455,0.6415005766052602,0.6414273830400998
185,79.48602498482455,0.6759178155071592,0.5745089301322965
185,79.98602498482455,0.7142587373295546,0.6609999668197916
185,80.48602498482455,0.6795594463334408,0.6761815515876238
185,80.98602498482455,0.7210479538280934,0.6774515583626871
186,77.69405487829205,0.2211909736223684,0.3564127202917346
186,78.19405487829205,0.19972791032460885,0.42542798479003996
186,78.69405487829205,0.25571404780631496,0.38858454817975385
186,79.19405487829205,0.297632194313781,0.39400688021706176
186,79.69405487829205,0.3000400674478899,0.45267986170156405
186,80.19405487829205,0.18696470959146155,0.44062354097493184
186,80.69405487829205,0.3332900146298001,0.5253473403570212
186,81.19405487829205,0.2125608535764809,0.58813768862902
187,55.80604863355649,0.2748104984990307,0.4957742749694506
187,56.30604863355649,0.26825320559777116,0.5023387360655244
187,56.80604863355649,0.31263804520795796,0.47212428805281254
187,57.30604863355649,0.27189419322443703,0.48902855259758354
187,57.80604863355649,0.21244263647109823,0.4808418294189561
187,58.30604863355649,0.27434805240033583,0.5040345713048627
187,58.80604863355649,0.34019115853772197,0.4955859961274023
187,59.30604863355649,0.31910675637972213,0.5424084219904658
188,70.1672850148378,0.4961112011169015,0.6951951984758301
188,70.6672850148378,0.5596051308608775,0.6818975442926356
188,71.1672850148378,0.5758560603346368,0.6665748170042383
188,71.6672850148378,0.5499702821049804,0.7160675386214599
188,72.1672850148378,0.7036617256432988,0.849466311899985
188,72.6672850148378,0.566892639707325,0.906167442952723
188,73.1672850148378,0.6748572153708545,0.845939474288652
188,73.6672850148378,0.6518068218677845,1.1147962019316568
189,55.38976326832595,0.47407370898254697,0.6647555872883798
189,55.88976326832595,0.4382519253634279,0.6501450351951226
189,56.38976326832595,0.5339484186059799,0.6424132919460397
189,56.88976326832595,0.5432950654462189,0.6823586248465621
189,57.38976326832595,0.3912734496746457,0.6860604302330012
189,57.88976326832595,0.5097706595252118,0.633324433474635
189,58.38976326832595,0.4873870278384872,0.6468969674061646
189,58.88976326832595,0.48591530129746513,0.6439830212913318
190,82.1441921872442,0.6929650860835175,0.9247771225459573
190,82.6441921872442,0.7892562452704854,0.9308528564932605
190,83.1441921872442,0.6493098834120068,0.899524816366853
190,83.6441921872442,0.836406681443228,1.0209150649249366
190,84.1441921872442,0.7550171861455253,0.9955175763696688
190,84.6441921872442,0.6085648512172641,0.9664704957955479
190,85.1441921872442,0.7671536850431215,0.9429363455534413
190,85.6441921872442,0.7287290121737602,0.9391936158313123
191,70.21055121784997,0.5203399705058487,0.6290109902971219
191,70.71055121784997,0.5485525612625076,0.6561638843644453
191,71.21055121784997,0.4579509652146183,0.5998068241706002
191,71.71055121784997,0.516664873698747,0.6454029239802681
191,72.21055121784997,0.5078380438967715,0.6625486667659131
191,72.71055121784997,0.5126133673227796,0.6627696386640302
191,73.21055121784997,0.6125032744464193,0.6787967817377354
191,73.71055121784997,0.4917325380777397,0.5529325086080813
192,65.72261988613832,0.6142248920333115,0.7326469440470221
192,66.22261988613832,0.4727953993445013,0.7235010817695513
192,66.72261988613832,0.4900255248976217,0.7846595670509698
192,67.22261988613832,0.5109223579659229,0.7598181971651798
192,67.72261988613832,0.5780540564929094,0.8478079371581853
192,68.22261988613832,0.4497113712726856,0.8787261505229524
192,68.72261988613832,0.63044227910193,0.7090597116529056
192,69.22261988613832,0.5355998456267981,0.8868888616221524
193,59.44884091430903,0.19990384075566806,0.3735450130298643
193,59.94884091430903,0.24373085214112292,0.4097764420966331
193,60.44884091430903,0.19658864415195526,0.2688087850314902
193,60.94884091430903,0.2460733000809431,0.29265588806647835
193,61.44884091430903,0.27181845713129194,0.3687462687711642
193,61.94884091430903,0.2349670204656151,0.26849268138501164
193,62.44884091430903,0.19902583706758611,0.2764137514738473
193,62.94884091430903,0.13709782276094268,0.3906689729838404
194,59.34486146645941,0.4412753138429455,0.6655790002881998
194,59.84486146645941,0.26449619409948416,0.7101431094942668
194,60.34486146645941,0.30356325817217444,0.6130236983602863
194,60.84486146645941,0.3672415117105947,0.6631895792551185
194,61.34486146645941,0.38423171068646766,0.629253840340142
194,61.84486146645941,0.32103455993766317,0.6380491327891241
194,62.34486146645941,0.4455462405737557,0.7245252300536438
194,62.84486146645941,0.33126699675196464,0.6593666937225583
195,68.40417264439782,0.317694675275166,0.6295977422651409
195,68.90417264439782,0.3145464250708956,0.6178064479365261
195,69.40417264439782,0.3078133601531175,0.4882969820521885
195,69.90417264439782,0.39107228138803546,0.6317350330350293
195,70.40417264439782,0.3084386381364438,0.7187035099500683
195,70.90417264439782,0.31547824879146225,0.660413747727918
195,71.40417264439782,0.3398489924552796,0.6041270464662678
195,71.90417264439782,0.31683285543535894,0.6398135376653182
196,70.70623753761929,0.2843525315608917,0.2848555556659853
196,71.20623753761929,0.23543714564812587,0.2985999751063854
196,71.70623753761929,0.2852545809540882,0.34604972752976804
196,72.20623753761929,0.3845332273229415,0.26464940398544506
196,72.70623753761929,0.27014296649813985,0.261488053117734
196,73.20623753761929,0.29176034844959875,0.32520169671252047
196,73.70623753761929,0.3116094132262913,0.33143203991241216
196,74.20623753761929,0.35420692286266536,0.3939468318492897
197,87.84462368849701,0.5686214985363219,0.702066977129629
197,88.34462368849701,0.4379248837603895,0.6022938854747567
197,88.84462368849701,0.5022911489031496,0.697785678410795
197,89.34462368849701,0.44373457797093063,0.5462001956726437
197,89.84462368849701,0.553802808773169,0.63500287494493
197,90.34462368849701,0.4733669726814701,0.6954313833117999
197,90.84462368849701,0.5724178832179201,0.6340170289310078
197,91.34462368849701,0.5535641278986851,0.5605731011364173
198,65.12893151639133,0.6694189350308839,0.7329940765281056
198,65.62893151639133,0.5435078062378751,0.5710861270833191
198,66.12893151639133,0.565857897082363,0.7570889490931983
198,66.62893151639133,0.6046965060717905,0.6365103114940771
198,67.12893151639133,0.5645559767929673,0.720588283756716
198,67.62893151639133,0.5931293655831159,0.6612902105162417
198,68.12893151639133,0.6312847124937578,0.755362667626031
198,68.62893151639133,0.6618608954618979,0.7586819845366587
199,76.08889341230461,0.6394429138323393,0.8138797606111413
199,76.58889341230461,0.7359838931654454,0.7586509686203836
199,77.08889341230461,0.6192519675703095,0.9039197803334038
199,77.58889341230461,0.7202898711009543,0.7494971423352007
199,78.08889341230461,0.6885833981258307,0.858714500104835
199,78.58889341230461,0.6174643460537165,0.7630955263073212
199,79.08889341230461,0.7039825613289681,0.8617637467233381
199,79.58889341230461,0.6685737998414458,0.8819156833352709
